회차,교시,번호,문제명,대분류,핵심 키워드,난이도
105,1,1,30층 이상 건축물 엘리베이터 설치 설계 고려사항 및 군관리 방식,4. 부하 설비,엘리베이터 군관리 설계,중
105,1,2,조명설계 시 눈부심 평가방법과 빛에 의한 순간적인 시력장애 현상,4. 부하 설비,눈부심 평가 시력장애,중
105,1,3,전력용 콘덴서의 열화원인과 열화대책,3. 수배전 설비,콘덴서 열화 원인 대책,중
105,1,4,전력간선의 배선 부설방식을 분류하고 특징 설명,3. 수배전 설비,배선 부설방식 간선설계,하
105,1,5,피뢰기의 열 폭주 현상 설명,3. 수배전 설비,피뢰기 열폭주 메커니즘,상
105,1,6,3권선 변압기의 용도와 특징 설명,3. 수배전 설비,3권선 변압기 용도 특징,중
105,1,7,공심변류기의 구조와 특성 설명,3. 수배전 설비,공심변류기 구조 특성,상
105,1,8,저압 전로 중 저압 개폐기 필요개소 및 시설방법,3. 수배전 설비,저압 개폐기 시설기준,하
105,1,9,전기설비에서 역률개선 기대효과 설명,7. 에너지/진단,역률개선 효과 전력손실경감,하
105,1,10,접지시스템의 접속방법 중 발열 용접과 압착 슬리브 접속방법,6. KEC/접지/방재,발열용접 압착슬리브,중
105,1,11,태양광 발전설비 전력계통 연계 시 인버터의 단독운전 방지기능,5. 신재생/신기술,단독운전 방지 PCS,중
105,1,12,LED(Light Emitting Diode)램프의 발광원리와 특징,4. 부하 설비,LED 발광원리 특징,하
105,1,13,"22.9kV 수전설비 과전류 계정기 Tap 설정(18A, 30/5 CT)",3. 수배전 설비,OCR Tap 설정 계산,상
105,2,1,등전위본딩의 개념과 감전보호용 등전위본딩 설명,6. KEC/접지/방재,등전위본딩 감전보호,중
105,2,2,GPT(Grounded Potential Transformer)에서 발생되는 중성점 불안정 현상의 발생원인과 대책,3. 수배전 설비,GPT 중성점 불안정 현상,상
105,2,3,변압기 이행전압의 개념과 보호방법 설명,3. 수배전 설비,변압기 이행전압 보호,상
105,2,4,수변전설비 설계 시 환경에 미치는 영향과 대안 설명,8. 법규/설계,수변전설비 환경영향,중
105,2,5,한전에서 정하고 있는 분산형 전원의 계통연계 기준 설명,8. 법규/설계,분산형전원 계통연계기준,중
105,2,6,3상단락 고장 시 차단기 차단용량 및 한류리액터 리액턴스 계산,2. 전력 계통,단락용량 한류리액터 계산,상
105,3,1,"에너지절약 계획서 의무/권장사항(수변전, 조명, 전력간선)",7. 에너지/진단,에너지절약 계획서,중
105,3,2,원방감시제어(SCADA: Supervisory Control and Data Acquisition) 시스템,8. 법규/설계,SCADA 원방감시제어,중
105,3,3,동상 다조케이블 포설 시 전류의 불평형 방지 방안,3. 수배전 설비,다조케이블 전류불평형,상
105,3,4,공동구 내 설치되는 케이블의 방화대책 설명,6. KEC/접지/방재,공동구 화재방호 대책,중
105,3,5,풍력발전용 발전기 선정 고려사항과 풍력터빈 정지장치 시설기준,5. 신재생/신기술,풍력발전 시설기준,중
105,3,6,무정전전원장치(UPS) 설계 시 고려사항과 UPS용 축전지 용량산정,3. 수배전 설비,UPS 용량산정 축전지,상
105,4,1,태양광발전용 전력변환장치(PCS)의 회로방식 설명,5. 신재생/신기술,PCS 회로방식 태양광,중
105,4,2,전력선 통신시스템(PLC Power Line Communication) 설명,8. 법규/설계,PLC 전력선통신,하
105,4,3,DALI(Digital Addressable Lighting Interface) 프로토콜을 이용한 조광기술,4. 부하 설비,DALI 조광제어 프로토콜,중
105,4,4,변압기의 수명과 과부하운전과의 관계 및 과부하운전 시 고려사항,3. 수배전 설비,변압기 수명 과부하운전,중
105,4,5,전기설비의 내진설계 개념 및 내진대책 설명,6. KEC/접지/방재,전기설비 내진설계,중
105,4,6,에너지 저장시스템(ESS)의 종류인 초 고용량 커패시터(Super Capacitor),5. 신재생/신기술,슈퍼커패시터 ESS,중
106,1,1,수변전설비 설계에서 변압기 용량 산정 방법,3. 수배전 설비,변압기 용량산정 수용률,중
106,1,2,변류기 부담의 종류 및 적용,3. 수배전 설비,CT 부담 정격,중
106,1,3,접지전극의 과도현상과 그 대책,6. KEC/접지/방재,접지전극 과도현상 임펄스,상
106,1,4,전력케이블 손실 종류(도체손 유전체손 연피손),3. 수배전 설비,케이블 손실 유전체손,중
106,1,5,병렬 회로 전원전압 및 선로 손실 전력 계산,1. 기초 이론,회로망 계산 복소수전력,상
106,1,6,저압차단기 용도별(주택용/산업용) 적용 및 동작특성,3. 수배전 설비,저압차단기 동작시간,중
106,1,7,백색 LED 광원을 사용한 도광식 유도등,4. 부하 설비,도광식 유도등 LED,하
106,1,8,전압강하 벡터도 및 기본식 설명,1. 기초 이론,전압강하 유도식 벡터도,중
106,1,9,태양전지 바이패스 다이오드와 블로킹 다이오드 역할,5. 신재생/신기술,바이패스 블로킹 다이오드,중
106,1,10,수변전 설비 공급 신뢰도(사고확률 신뢰도계산),2. 전력 계통,수변전 신뢰도 계산,상
106,1,11,조도계산 시 광손실률 설명,4. 부하 설비,광손실률 감광보상률,하
106,1,12,유도전동기 벡터 인버터 제어 원리 및 구성,4. 부하 설비,벡터제어 인버터 유도전동기,상
106,1,13,SMPS(Switched Mode Power Supply) 종류 및 적용 방법,4. 부하 설비,SMPS 회로방식 적용,중
106,2,1,백색 LED 구현 방법(발광원리 종류별),4. 부하 설비,백색 LED 발광원리,중
106,2,2,뇌 이상전압이 전기설비에 미치는 영향,6. KEC/접지/방재,뇌 이상전압 서지 영향,중
106,2,3,Bus Duct System의 구성 및 설계 공시 유의사항,3. 수배전 설비,버스덕트 설계 시공,중
106,2,4,특고압 수전설비 지중 케이블 용량산정 방법,3. 수배전 설비,지중케이블 허용전류 용량산정,상
106,2,5,구내방송설비 스피커 적용 및 사무실 스피커 배치방법,4. 부하 설비,구내방송 스피커 배치 BGM,하
106,2,6,주택용 일괄소등 스위치와 융합기술,4. 부하 설비,일괄소등 스위치 스마트홈,하
106,3,1,백화점 조명계획 주요 요소별 설계 및 시공방법,4. 부하 설비,백화점 조명 설계,중
106,3,2,공동주택 변압기용량 과적용의 문제점과 대책,3. 수배전 설비,공동주택 변압기용량 적정성,중
106,3,3,KSC IEC 62305 피뢰시스템(LPS) 외부/내부 시스템,6. KEC/접지/방재,LPS 외부내부 피뢰시스템,상
106,3,4,22.9 kV-Y 수전용 변압기 보호장치,3. 수배전 설비,수전용 변압기 보호 계전기,중
106,3,5,변전설비 온라인 진단시스템,7. 에너지/진단,온라인 예방진단 시스템,상
106,3,6,저압 계통 PEN선 또는 중성선 단선 시 위험성과 대책,6. KEC/접지/방재,중성선 단선 사고 대책,상
106,4,1,대지저항률 측정 전위강하법(3전극법) 및 Wenner 4전극법 비교,6. KEC/접지/방재,전위강하법 웨너 4전극법,상
106,4,2,교류 1 kV 초과 전력설비 접지시스템 안전기준(IEC 61936-1),6. KEC/접지/방재,IEC 61936 접지 안전기준,상
106,4,3,수용가 구내설비 직류 배전과 교류 배전 비교 및 고려사항,2. 전력 계통,직류배전 교류배전 비교,중
106,4,4,VCB(진공차단기) 적용 고려사항 및 적용기준,3. 수배전 설비,VCB 차단기 특성,중
106,4,5,태양광 발전 계통연계형 인버터 설명,5. 신재생/신기술,계통연계형 인버터 PCS,중
106,4,6,동기 전동기의 원리 구조 기동방법 특징,4. 부하 설비,동기전동기 기동방식 특징,중
107,1,1,3상 단락전류 20kA 시 CT 정격 과전류 강도 및 정격 과전류 정수 계산,3. 수배전 설비,CT 과전류강도 정격 과전류정수,상
107,1,2,방전 전류가 시간과 함께 감소하는 패턴의 축전지 용량 계산,3. 수배전 설비,축전지 용량산정 용량환산시간 K,상
107,1,3,분산형 전원 배전계통 연계 시 순시전압 변동 요건,5. 신재생/신기술,분산형전원 순시전압변동,중
107,1,4,22.9kV 주변압기 1차 PF 보호 시 결상 및 역상 보호방안,3. 수배전 설비,PF 결상보호 역상보호,중
107,1,5,K-Factor로 인한 변압기 출력 감소율(THDF) 설명,3. 수배전 설비,K-Factor THDF 변압기 고조파,중
107,1,6,저압계통 전기설비 및 기기 임펄스 내압 레벨 기준,6. KEC/접지/방재,임펄스 내압레벨 절연협조,중
107,1,7,도체의 근접효과(Proximity Effect) 설명,1. 기초 이론,근접효과 표피효과,하
107,1,8,UPS 2차 측 단락회로의 분리보호방식,3. 수배전 설비,UPS 단락보호 분리보호,중
107,1,9,유도전동기 회로용 배선용차단기(MCCB) 선정조건,3. 수배전 설비,유도전동기 MCCB 선정,하
107,1,10,보호계전기의 기억작용(Memory Action) 설명,3. 수배전 설비,보호계전기 기억작용,중
107,1,11,선로정수(R L C G) 구성 요소 설명,1. 기초 이론,선로정수 저항 인덕턴스 정전용량,하
107,1,12,R-L 직렬회로의 비정현파 전류 흐름 시 순시단자전압 v 계산,1. 기초 이론,R-L 직렬회로 비정현파 계산,상
107,1,13,KS C IEC 60364-5-54에 의한 PEN PEL PEM 도체 요건,6. KEC/접지/방재,PEN 도체 단면적 요건,중
107,2,1,전압 불평형률이 유도전동기에 미치는 영향,4. 부하 설비,전압 불평형률 유도전동기 손실,중
107,2,2,스폿네트워크(Spot Network) 수전방식 사고 구간별 보호 및 협조,3. 수배전 설비,스폿네트워크 네트워크 프로텍터,상
107,2,3,154kV 대용량 수용가 모선 구성 및 보호방식,3. 수배전 설비,154kV 모선보호방식 단모선 복모선,상
107,2,4,인텔리전트 빌딩의 공통접지와 통합접지방식,6. KEC/접지/방재,공통접지 통합접지,중
107,2,5,플로어 덕트(Floor Duct) 배선 설계 및 시공 특기사항,4. 부하 설비,플로어덕트 배선공사,하
107,2,6,전력설비 관리 3단계 및 기술적/경제적 운영정책 고려사항,8. 법규/설계,전력자산관리 LCC분석,중
107,3,1,호텔 객실관리 전기설비 및 에너지 절약 방안,4. 부하 설비,호텔 객실관리시스템 에너지절약,하
107,3,2,6.6kV 비접지 1선 지락 영상전압 유도 및 SGR 감도저하 현상,3. 수배전 설비,영상전압 유도 SGR 감도저하,상
107,3,3,수용가 변압기 2차 F점 3상 단락고장 전류 계산(X/R비 고려),2. 전력 계통,단락전류 계산 X/R비 %Z,상
107,3,4,누전차단기(ELB) 오동작 원인 및 방지대책,3. 수배전 설비,누전차단기 오동작 방지,중
107,3,5,HVDC 컨버터(전류형/전압형) 원리 및 장단점 전망,5. 신재생/신기술,HVDC 전류형 전압형 컨버터,상
107,3,6,뇌격에 의한 구조물 손실 유형 및 보호(방호)대책(IEC 62305),6. KEC/접지/방재,구조물 손실유형 뇌격보호,중
107,4,1,공동구 전기설비 설계기준 설명,8. 법규/설계,공동구 설계기준 방화대책,중
107,4,2,변압기 2차 Y-ZigZag 및 델타 결선 시 제3고조파 유출 비교,3. 수배전 설비,지그재그 결선 제3고조파 억제,상
107,4,3,디지털 보호계전기 노이즈 침입 모드 및 보호대책,3. 수배전 설비,디지털계전기 노이즈 써지보호,중
107,4,4,EMC EMI EMS의 개념 및 상호관계 설명,8. 법규/설계,전자파 적합성 간섭 감수성,하
107,4,5,건축물 전력 간선 설계 순서 및 고려사항,8. 법규/설계,전력간선 설계 순서 부하산정,하
107,4,6,터널조명 표준(KS C 3703) 기본부 및 출구부 설계기준,4. 부하 설비,터널조명 설계기준 야외휘도,중
108,1,1,전기회로와 자기회로의 차이점 설명,1. 기초 이론,전기회로 자기회로 비교,하
108,1,2,CT의 과전류강도 및 22.9kV급 MOF의 과전류강도 적용,3. 수배전 설비,CT 과전류강도 MOF 정격,중
108,1,3,6.6kV 구내배전 유도원판형 OCR 한시탭 협조 및 시간 협조항목,3. 수배전 설비,OCR 한시탭 협조 시간간격,상
108,1,4,변압기 효율이 최대가 되는 관계식 유도,3. 수배전 설비,변압기 최대효율 조건 철손 동손,중
108,1,5,비상발전기 운전 시 과전압 발생원인과 대책,3. 수배전 설비,비상발전기 과전압 자기여자현상,중
108,1,6,공동주택 및 건축물 규모에 따른 감리원 배치기준,8. 법규/설계,감리원 배치기준 전력기술관리법,하
108,1,7,태양전지 V-I 특성곡선 및 인버터/모듈 설치기준,5. 신재생/신기술,태양전지 특성곡선 인버터 설치기준,중
108,1,8,전기설비 설치공간 기준 (건축물설비기준 등에 관한 규칙),8. 법규/설계,전기설비 설치공간 변전실 면적,하
108,1,9,평형 Y결선 b상 개방 시 대칭분 전류와 중성선 전류 계산,1. 기초 이론,대칭좌표법 불평형 전류 계산,상
108,1,10,빌딩제어시스템 가용성(Availability) 및 MTBF MTTR 관계 설명,8. 법규/설계,가용성 MTBF MTTR,중
108,1,11,고조파 부하가 케이블에 미치는 영향 설명,3. 수배전 설비,고조파 케이블 과열 피부효과,중
108,1,12,휘도와 광속발산도 정의 및 완전확산면에서의 상호 관계,4. 부하 설비,휘도 광속발산도 완전확산면,중
108,1,13,교육연구시설의 최소 태양광 설치용량(kW) 계산,5. 신재생/신기술,신재생에너지 공급의무비율 계산,상
108,2,1,뇌서지 보호 시스템(LPS)의 기본 구성 설명,6. KEC/접지/방재,뇌서지 보호시스템 SPD,중
108,2,2,초고층 빌딩에 적합한 조명시스템의 필요조건,4. 부하 설비,초고층 조명설계 휘도제어,중
108,2,3,건축물 내 수변전설비 변압기의 합리적인 뱅킹(Banking) 방식,3. 수배전 설비,변압기 뱅킹방식 저압뱅킹,중
108,2,4,터빈발전기 계통 병렬 운전 시 동기 불일치 손상 및 동기투입 조건,3. 수배전 설비,발전기 병렬운전 동기검정,상
108,2,5,단순 병렬운전 분산형 전원 보호장치 시설방법 (수전설비별),5. 신재생/신기술,분산형전원 보호장치 단순병렬,중
108,2,6,유도전동기 직입 기동 시 전동기 연결모선의 전압강하(%) 계산,2. 전력 계통,전동기 기동 전압강하 PU임피던스,상
108,3,1,6.6kV 전동기용 OCR(50/51) 및 변압기 고압측 OCR 정정 방법,3. 수배전 설비,OCR 정정 전동기 보호,상
108,3,2,비상콘센트설비 설치대상 및 설치기준 방법,6. KEC/접지/방재,비상콘센트 화재안전기준,하
108,3,3,차단기 개폐 서지의 종류별 특징과 방지대책,3. 수배전 설비,개폐서지 개폐서지 흡수기(SA),중
108,3,4,대지저항률에 영향을 미치는 요인 설명,6. KEC/접지/방재,대지저항률 온도 습도 토양,하
108,3,5,감리대가 산출방법 (정액적산방식 및 직선보간법 요율),8. 법규/설계,감리비 산출 정액적산방식,하
108,3,6,전력감시제어 시스템 구성(PLC HMI SCADA) 특징 및 고려사항,8. 법규/설계,SCADA PLC HMI 시스템구성,중
108,4,1,440V 이상 회로의 중성점 직접접지 및 비접지 지락차단장치 시설,6. KEC/접지/방재,지락차단장치 440V 계통,중
108,4,2,전동기의 제동방법 종류 및 특징 설명,4. 부하 설비,전동기 제동 발전제동 회생제동,중
108,4,3,전선 보호장치(과부하/단락) 시설위치 및 생략 조건,3. 수배전 설비,과부하 보호장치 단락 보호장치 생략,중
108,4,4,에너지 절약계획서 전기부문 의무/권장사항 및 제출 제외 건축물,7. 에너지/진단,에너지절약계획서 의무사항,중
108,4,5,전력감시제어 이중화 시스템(Redundancy) 설명,8. 법규/설계,제어시스템 이중화 가용성 향상,상
108,4,6,50Hz 설계 변압기 및 전동기를 60Hz 전원에서 사용 시 특성변화,3. 수배전 설비,주파수 변경 특성변화 효율 전동기속도,중
109,1,1,KS C 3703 터널 조명 휘도대비계수 및 조명방식 3가지,4. 부하 설비,터널조명 휘도대비계수,중
109,1,2,기계기구 철대 및 외함 접지공사 생략 가능 조건,6. KEC/접지/방재,접지공사 생략조건 제3종 접지,하
109,1,3,전기안전관리자 공사 시 관리감독 및 완료 시 확인점검 사항,8. 법규/설계,전기안전관리자 직무 공사감독,중
109,1,4,건축전기설비의 전압 밴드(Voltage Bands) 설명,8. 법규/설계,전압밴드 저압 고압 구분,하
109,1,5,지중전선로의 종류별 시설방법 및 특성 설명,3. 수배전 설비,지중전선로 시설방법 관로식 암거식,중
109,1,6,직렬리액터 설치목적/용량산정/문제점 및 대책,3. 수배전 설비,직렬리액터 제5고조파 돌입전류,중
109,1,7,변압기 용량산정 시 수용률 부등률 부하율 설명,3. 수배전 설비,수용률 부등률 부하율,하
109,1,8,에너지저장시스템(ESS)용 PCS 용도별 분류 및 설명,5. 신재생/신기술,ESS PCS 전력변환장치,중
109,1,9,축전지의 충방전 메모리효과(Memory Effect) 설명,3. 수배전 설비,축전지 메모리효과 니카드전지,하
109,1,10,광원의 연색성(Color Rendition) 평가 설명,4. 부하 설비,연색성 평균연색평가수(Ra),중
109,1,11,피뢰기 공칭방전전류 및 설치 장소별 적용조건,3. 수배전 설비,피뢰기 공칭방전전류 LA 적용조건,상
109,1,12,저압 직류지락차단장치의 구성방법과 동작원리,6. KEC/접지/방재,직류지락차단장치 RCM,상
109,1,13,전력용콘덴서의 허용 최대사용전류 설명,3. 수배전 설비,콘덴서 허용전류 고조파 영향,중
109,2,1,중성점 접지방식(직접/저항/비접지) 특징 비교 설명,2. 전력 계통,중성점 접지방식 비교 지락전류,상
109,2,2,단상 유도전동기의 원리 및 기동방법 종류별 특징,4. 부하 설비,단상유도전동기 기동방식 분상기동형,중
109,2,3,건물 에너지 관리시스템(BEMS)의 기능 상세 설명,7. 에너지/진단,BEMS 건물에너지관리시스템 기능,중
109,2,4,이상적인 초전도 전류제한기 조건 및 전류제한형 초전도변압기,5. 신재생/신기술,초전도 전류제한기 SFCL,상
109,2,5,의료장소 전기설비(보호설비/누전차단기/비상전원) 시설기준,8. 법규/설계,의료장소 전기설비 IT접지,상
109,2,6,저압간선 케이블 규격 선정 시 고려사항 설명,3. 수배전 설비,케이블 굵기 선정 전압강하 허용전류,중
109,3,1,가로등/보안등 광원 및 배광방식 종류별 특징 비교,4. 부하 설비,가로등 배광방식 컷오프 조명,중
109,3,2,매설구조물 부식현상 및 방지대책(전기방식 포함),6. KEC/접지/방재,전식방지 외부전원법 희생양극법,상
109,3,3,변전실 계획 시 전기적/건축적 고려사항 설명,8. 법규/설계,변전실 위치 선정 변전실 면적,중
109,3,4,고압 수용가 계약전력 결정기준 및 수전전압 결정방법,8. 법규/설계,계약전력 결정기준 수전전압,중
109,3,5,전동기 정격의 정의/종류/선정 시 고려사항/명판 표시사항,4. 부하 설비,전동기 정격 연속정격 단시간정격,중
109,3,6,주차관제설비의 구성요소와 설계 시 고려사항 설명,4. 부하 설비,주차관제설비 루프코일,하
109,4,1,수상태양광발전설비 계통구성/계류장치/특징 설명,5. 신재생/신기술,수상태양광 수위적응 계류장치,중
109,4,2,건축화 조명의 종류별 조명방식 특징 및 설계 고려사항,4. 부하 설비,건축화조명 코브조명 광천장조명,하
109,4,3,태풍/장마 시 가로등 감전사고 안전대책 설명,6. KEC/접지/방재,가로등 감전방지 침수대책,중
109,4,4,이차전지 이용 전기저장장치(ESS) 시설기준 및 보호장치,5. 신재생/신기술,ESS 시설기준 계측장치 보호장치,상
109,4,5,변류기(CT)의 이상현상(포화/오결선/2차개방) 원인과 대책,3. 수배전 설비,CT 이상현상 CT 2차 개방,상
109,4,6,저압 유도전동기 보호방식 및 선정 시 고려사항 설명,4. 부하 설비,유도전동기 보호 과부하보호,중
110,1,1,건축전기설비공사 공사시방서 명기 사항 설명,8. 법규/설계,공사시방서 작성요령,하
110,1,2,비접지 국부 등전위본딩에 의한 보호 (IEC 60364-4-41),6. KEC/접지/방재,비접지 국부 등전위본딩 감전보호,중
110,1,3,보호용 변류기 25VA 5P20 및 C100의 의미 설명,3. 수배전 설비,CT 오차계급 정격부담,상
110,1,4,변압기 여자전류가 비정현파로 되는 이유 설명,3. 수배전 설비,변압기 여자전류 히스테리시스 곡선,중
110,1,5,전동기 기동방식 선정 시 고려사항 설명,4. 부하 설비,전동기 기동방식 기동전압강하,중
110,1,6,태양전지 모듈 설치 시 발전에 영향을 미치는 요인 3가지,5. 신재생/신기술,태양광 발전효율 영향요인,하
110,1,7,BLDC(Brush Less DC) 모터의 동작원리와 특징 설명,4. 부하 설비,BLDC 모터 원리 특징,중
110,1,8,전력용 콘덴서 내부소자 보호방식 설명,3. 수배전 설비,콘덴서 내부소자 보호 NVS,중
110,1,9,설계VE(Value Engineering) 검토 대상 시기 업무절차,8. 법규/설계,설계VE 가치공학 업무절차,중
110,1,10,저압설비 SPD 분기용 개폐장치 설치방식,6. KEC/접지/방재,SPD 분기개폐기 설치방법,중
110,1,11,차단기 회복전압의 종류 및 특징 설명,3. 수배전 설비,차단기 회복전압 재기전압,상
110,1,12,고압케이블 차폐층 미접지 시 위험성 설명,3. 수배전 설비,고압케이블 차폐층 접지 정전유도,중
110,1,13,중첩의 원리를 이용한 Voc Zeq 및 부하전류 계산,1. 기초 이론,회로이론 중첩의원리 테브난정리,상
110,2,1,공사착공단계 및 공사시행단계 감리업무 설명,8. 법규/설계,감리업무 수행지침 착공단계 시행단계,하
110,2,2,고조파가 콘덴서에 미치는 영향과 대책 설명,3. 수배전 설비,고조파 콘덴서 영향 직렬리액터,중
110,2,3,통합접지시스템 설치 요건 특징 및 기초콘크리트 접지 시공,6. KEC/접지/방재,통합접지시스템 기초콘크리트접지,중
110,2,4,변압기 부분방전 개념 및 부분방전시험 설명,3. 수배전 설비,변압기 부분방전 절연진단,상
110,2,5,대형교량의 야간경관 조명설계 설명,4. 부하 설비,경관조명 설계 휘도 조도,중
110,2,6,송전선 F점에서의 3상 단락용량 계산,2. 전력 계통,단락용량 계산 PU법 임피던스맵,상
110,3,1,건축전기설비 공사 시 타 공정 협의 인터페이스 사항,8. 법규/설계,전기공사 타공정 협의 인터페이스,중
110,3,2,UTP 동축 광케이블의 구조 특징 및 종류 설명,8. 법규/설계,통신케이블 UTP 광케이블 구조,하
110,3,3,영상변류기(ZCT) 검출원리 정격 및 시공 시 고려사항,3. 수배전 설비,ZCT 검출원리 잔류전류,중
110,3,4,누전차단기 오동작(서지 순환전류 유도) 원인과 대책,3. 수배전 설비,ELB 오동작 서지 유도전류,상
110,3,5,전기설비 정전 최소화 대책 설명,3. 수배전 설비,정전최소화 예방보전 이중화,중
110,3,6,스마트그리드 구현기술과 V2G(Vehicle to Grid) 설명,5. 신재생/신기술,스마트그리드 V2G 양방향송전,중
110,4,1,시공계획서와 시공상세도(Shop Drawing) 포함 사항 설명,8. 법규/설계,시공계획서 시공상세도 작성,하
110,4,2,진행파 기본원리 가공선 및 케이블 특성임피던스 전파속도,1. 기초 이론,진행파 특성임피던스 전파속도,상
110,4,3,전력용 변압기 효율적 관리 방안 설명,3. 수배전 설비,변압기 효율관리 부하율 최적화,중
110,4,4,내열/내화배선 종류 공사방법 및 케이블 방재 설계방안,6. KEC/접지/방재,내화배선 내열배선 방재설계,중
110,4,5,발전기실 위치 면적 기초 소음 및 진동대책 설명,3. 수배전 설비,발전기실 설계 소음진동방지,중
110,4,6,최대수요전력제어(Peak Cut/Peak Shift) 설명,7. 에너지/진단,최대수요전력제어 피크제어,중
111,1,1,"조명 용어 설명(방사속, 광속, 광량, 광도, 조도)",4. 부하 설비,조명 용어 방사속 광속 조도,하
111,1,2,접지극의 접지저항 저감 방법(물리적/화학적) 설명,6. KEC/접지/방재,접지저항 저감 접지저감제,중
111,1,3,건축전기설비 축전지실 위치선정 시 고려사항,3. 수배전 설비,축전지실 위치선정,하
111,1,4,피뢰기의 정격전압 및 공칭방전전류 설명,3. 수배전 설비,피뢰기 정격전압 공칭방전전류,중
111,1,5,설계감리 대상 전력시설물 설계도서 및 업무 범위,8. 법규/설계,설계감리 전력시설물 업무범위,중
111,1,6,특고압/고압 변압기 2차 전로의 혼촉방지방법,3. 수배전 설비,혼촉방지판 변압기 2차 접지,중
111,1,7,"보호계전기 동작상태 판정 용어(정동작, 오동작, 정부동작, 오부동작)",3. 수배전 설비,보호계전기 동작판정,중
111,1,8,풀용 수중조명등 공급 절연변압기 시설기준,8. 법규/설계,수중조명등 절연변압기,중
111,1,9,공사감리 기성검사의 목적/종류/절차 설명,8. 법규/설계,공사감리 기성검사 절차,하
111,1,10,교류회로 공진 정의 및 직렬/병렬 공진주파수,1. 기초 이론,직렬공진 병렬공진 공진주파수,중
111,1,11,전력용변압기 최대효율조건 유도 및 설명,3. 수배전 설비,변압기 최대효율 철손 동손,중
111,1,12,외함의 보호등급(IP) 중 물의 침입에 대한 보호,8. 법규/설계,IP 등급 방수보호,하
111,1,13,"피뢰시스템 구성요소 용어(피뢰침, 인하도선, 접지극, SPD)",6. KEC/접지/방재,LPS 구성요소 SPD,중
111,2,1,건축물 전반조명 설계순서 및 항목별 검토사항,4. 부하 설비,전반조명 설계순서,중
111,2,2,간선 고조파 전류 발생원인/파형/영향/저감대책,3. 수배전 설비,간선 고조파 저감대책,상
111,2,3,지능형 건축물 인증제도 전기설비 평가항목 및 기대효과,8. 법규/설계,지능형건축물 인증평가,중
111,2,4,전기설비 방폭원리 및 방폭구조 설명,4. 부하 설비,방폭구조 내압방폭 압력방폭,상
111,2,5,자가용 수변전설비 설계 시 에너지 절약방안,7. 에너지/진단,수변전 에너지절약 변압기효율,중
111,2,6,비율차동계전기 보조 CT 변환 비율 및 비율 탭 정정 계산,3. 수배전 설비,비율차동계전기 87번 정정 계산,상
111,3,1,전력계통 순시전압강하 원인/영향/억제대책/개선기기,2. 전력 계통,순시전압강하(SAG) 대책,상
111,3,2,배선용차단기(MCCB) 산업용과 주택용 규격 비교,3. 수배전 설비,MCCB 산업용 주택용 비교,중
111,3,3,연료전지설비 보호장치/비상정지/모니터링 설비,5. 신재생/신기술,연료전지 보호장치,중
111,3,4,임피던스전압 정의 및 변압기 특성에 미치는 영향,3. 수배전 설비,임피던스전압 %Z 전압강하,상
111,3,5,인텔리전트 빌딩 설계 시 정전기 장해 원인 및 방지대책,8. 법규/설계,정전기 장해 방지대책,중
111,3,6,할로겐전구의 원리/구조/특성/용도/특징,4. 부하 설비,할로겐전구 할로겐사이클,하
111,4,1,보호계전시스템 보호방식별 분류 및 설명,3. 수배전 설비,보호계전방식 유닛보호,상
111,4,2,자연채광과 인공조명의 설계개념 설명,4. 부하 설비,자연채광 인공조명 설계,중
111,4,3,케이블(Cable) 화재방지대책(설계/시공/유지보수),6. KEC/접지/방재,케이블 화재방지 난연화,중
111,4,4,전동기용 과전류차단기 및 전선 굵기 선정기준,3. 수배전 설비,전동기 보호 차단기 선정,중
111,4,5,CV케이블 열화 원인과 대책 설명,3. 수배전 설비,CV케이블 수트리 열화,상
111,4,6,전기차 전원설비 시설기준 및 특징 설명,5. 신재생/신기술,전기차 충전설비 전원,중
112,1,1,건축설계자와 협의하여 평면계획에 포함되어야 할 전기설계내용,8. 법규/설계,전기설계 평면계획 협의사항,하
112,1,2,보호계전기의 동작시간 특성(순시 정한시 반한시 등),3. 수배전 설비,보호계전기 동작시간 특성,중
112,1,3,변압기 부하율 65% 일 때의 전력손실 계산(철손 동손 분리),3. 수배전 설비,변압기 손실 계산 부하율,상
112,1,4,OLED 조명과 LED 조명 비교 설명,4. 부하 설비,OLED LED 조명 비교,중
112,1,5,변압기의 소음발생 원인 및 대책 설명,3. 수배전 설비,변압기 소음 자기왜곡 현상,중
112,1,6,가스절연개폐장치(GIS)의 장단점 설명,3. 수배전 설비,GIS 장단점 SF6 가스,중
112,1,7,전력산업 적용 에너지 하베스팅(Harvesting) 기술,5. 신재생/신기술,에너지 하베스팅 기술,중
112,1,8,규약표준 충격전압파형 설명,1. 기초 이론,표준충격파형 파두장 파미장,상
112,1,9,수요자원(DR) 거래시장 설명,7. 에너지/진단,DR 거래시장 에너지수요관리,중
112,1,10,단락고장 시 역률이 저하되는 이유 설명,1. 기초 이론,단락고장 역률저하 유도성 리액턴스,중
112,1,11,차단기 트립 시 이상전압이 발생하는 이유,3. 수배전 설비,차단기 개폐서지 재기전압,상
112,1,12,조명시뮬레이션의 입력 데이터와 출력 결과물 설명,4. 부하 설비,조명시뮬레이션 설계,하
112,1,13,배전선로의 전압강하율과 전압변동률 비교,1. 기초 이론,전압강하율 전압변동률 비교,하
112,2,1,변압기 2차측의 모선방식(단모선 복모선 루프 등),3. 수배전 설비,변압기 모선방식 신뢰도,중
112,2,2,단락전류의 종류와 계산방법(대칭분법 등),2. 전력 계통,단락전류 계산방법 %Z법,상
112,2,3,전력용 콘덴서의 절연열화 원인과 대책,3. 수배전 설비,콘덴서 절연열화 원인 대책,중
112,2,4,분산형 전원을 배전계통 연계 시 고려사항,5. 신재생/신기술,분산형전원 계통연계 영향,중
112,2,5,인공조명에 의한 빛공해 방지법의 주요 내용,8. 법규/설계,빛공해 방지법 조명환경관리구역,중
112,2,6,철근콘크리트 구조물의 자연적 구성부재 피뢰시스템 요건,6. KEC/접지/방재,자연적 구성부재 피뢰침 인하도선 접지극,상
112,3,1,노이즈방지용 변압기(절연변압기 등) 설명,3. 수배전 설비,노이즈방지용 변압기 노이즈 컷,중
112,3,2,축전지의 용량산정 시 고려사항(경시변화 보수율 등),3. 수배전 설비,축전지 용량산정 보수율,상
112,3,3,ESS의 출력과 용량 구분 및 전력계통 활용분야,5. 신재생/신기술,ESS 출력 용량 계통활용,중
112,3,4,병원설비 매크로쇼크/마이크로쇼크 방지 및 절연감시장치,8. 법규/설계,병원 감전방지 절연감시장치(LIM),상
112,3,5,케이블의 수트리(Water Tree) 원인 종류 및 억제 대책,3. 수배전 설비,CV케이블 수트리 열화,상
112,3,6,BIM(Building Information Modeling)의 적용 및 효율성,8. 법규/설계,BIM 설계 공사효율화,중
112,4,1,눈부심(Glare)의 원인 영향 손실 및 대책,4. 부하 설비,눈부심 종류 글레어 방지,중
112,4,2,전력품질(Power Quality)의 정의 및 요소 설명,2. 전력 계통,전력품질 전압변동 고조파 플리커,중
112,4,3,직류차단기의 종류와 소호방식 설명,3. 수배전 설비,직류차단기 소호 원리,상
112,4,4,변압기 병렬운전 조건 및 붕괴현상 설명,3. 수배전 설비,변압기 병렬운전 붕괴현상 순환전류,중
112,4,5,KSC IEC 60364-4-41의 감전 보호 체계 설명,6. KEC/접지/방재,감전 보호 체계 기본보호 고정보호,중
112,4,6,접지전극 부식형태 및 이종 금속 결합 부식 대책,6. KEC/접지/방재,접지극 부식 전식방지,중
113,1,1,불평형 고장계산을 위한 대칭좌표법 설명,1. 기초 이론,대칭좌표법 영상 정상 역상분,중
113,1,2,3상 평형 부하 시 중성선 전류가 0임을 수식으로 증명,1. 기초 이론,중성선 전류 계산 3상 평형 부하,하
113,1,3,변압기 용량 산정 및 효율적 운영을 위한 수용률 부등률 부하율 관계,3. 수배전 설비,수용률 부등률 부하율 상호관계,하
113,1,4,전력기술관리법에 의한 설계감리 대상 전력시설물 범위,8. 법규/설계,설계감리 대상 전력시설물,중
113,1,5,전기사용장소의 시설 중 특수장소에 대한 설명,8. 법규/설계,전기설비 특수장소 시설기준,중
113,1,6,도로조명의 기능과 운전자에 대한 휘도기준 설명,4. 부하 설비,도로조명 기능 휘도기준,중
113,1,7,자가용 수전설비 사용전검사 시 시험성적서 필요 기기 설명,8. 법규/설계,사용전검사 시험성적서 필요기기,중
113,1,8,의료장소(IEC 60364-7-710) 비상전원 공급사항 설명,8. 법규/설계,의료장소 비상전원 공급기준,상
113,1,9,주차단기 520MVA 시 피뢰기 접지선 굵기 산정(나동선 GV전선),6. KEC/접지/방재,피뢰기 접지선 굵기 계산,상
113,1,10,특고압 가공선로 2회선 수전 시 중성선 가선 방법,3. 수배전 설비,특고압 가공선로 중성선 가선,중
113,1,11,공통 통합접지의 접지저항 측정방법 설명,6. KEC/접지/방재,공통 통합접지 저항 측정,중
113,1,12,전력수요관리제도(DSM: Demand Side Management) 설명,7. 에너지/진단,DSM 전력수요관리,하
113,1,13,유도전동기 Y-델타 기동 시 기동전류 및 토크가 1/3로 감소함 증명,4. 부하 설비,와이델타 기동전류 기동토크 유도,중
113,2,1,합성수지관 금속관 가요전선관 특징 및 시공 시 유의사항,3. 수배전 설비,배관공사 특징 시공유의사항,하
113,2,2,PLC(Programmable Logic Controller) 구성요소 및 설치 유의사항,8. 법규/설계,PLC 구성요소 설치유의사항,중
113,2,3,저압회로 F1 지점 1선 지락전류 및 3상 단락전류 계산,2. 전력 계통,지락전류 단락전류 계산,상
113,2,4,인버터 시스템 적용 시 고려사항(인버터 및 전동기 측),4. 부하 설비,인버터 시스템 적용 고려사항,상
113,2,5,누전화재 경보기 설치 대상 건축물 및 시설방법 설명,6. KEC/접지/방재,누전화재경보기 설치기준,중
113,2,6,제시된 부하 조건을 적용한 수전설비 단선결선도 작성 및 기기 설명,3. 수배전 설비,단선결선도 작성 부하산정,상
113,3,1,동력설비 에너지 절감 방안(전원 전동기 부하측),7. 에너지/진단,동력설비 에너지절감,중
113,3,2,역률 개선 시 부하전압 유지를 위한 전원측 인가전압 계산,2. 전력 계통,역률개선 전압강하 계산,상
113,3,3,3상 변압기 병렬운전 가능 및 불가능 결선 판단 및 이유 설명,3. 수배전 설비,변압기 병렬운전 결선 조건,중
113,3,4,고조파가 전력용 변압기와 회전기에 미치는 영향 및 대책,3. 수배전 설비,고조파 영향 변압기 회전기,중
113,3,5,전력기술관리법에 의한 감리원 배치기준 설명,8. 법규/설계,감리원 배치기준 전력기술관리법,하
113,3,6,점멸장치와 타임스위치 등의 시설 기준(판단기준 177조),8. 법규/설계,점멸장치 타임스위치 시설기준,하
113,4,1,비상발전기 용량 선정 시 PG방식과 RG방식 비교 설명,3. 수배전 설비,비상발전기 용량산정 PG RG 방식,상
113,4,2,1000병상 이상 대형병원의 조명설계 설명,4. 부하 설비,병원 조명설계 기준,중
113,4,3,변압기 보호용 비율차동계전기 적용 시 고려사항 설명,3. 수배전 설비,비율차동계전기 고려사항,중
113,4,4,전력 케이블의 화재 원인과 대책 설명,6. KEC/접지/방재,전력케이블 화재원인 대책,중
113,4,5,BEMS(Building Energy Management System) 개념 및 의무화 사항,7. 에너지/진단,BEMS 개념 설치의무화,중
113,4,6,저압 배전계통 SPD 접속형식 및 등급별 공칭방전전류 설명,6. KEC/접지/방재,SPD 접속형식 공칭방전전류,상
114,1,1,"분전반 설치기준(공급범위, 예비회로, 설치높이)",3. 수배전 설비,분전반 설치기준,하
114,1,2,전력용 콘덴서 설치 위치에 따른 장단점 비교,3. 수배전 설비,콘덴서 설치위치 역률개선,중
114,1,3,직접접지 계통 수전반 OCR 및 OCGR 정정방법,3. 수배전 설비,보호계전기 정정 OCR OCGR,상
114,1,4,접지 설계 시 전위 간섭의 개념과 유의점,6. KEC/접지/방재,전위간섭 접지설계,중
114,1,5,의료장소 콘센트 설치 수량 방법 및 전원 종별 표시,8. 법규/설계,의료장소 콘센트 설치기준,중
114,1,6,평행한 평판 사이의 정전용량 유도,1. 기초 이론,정전용량 계산 면전하밀도,상
114,1,7,공사감리의 정의 및 공종별 촬영 대상과 처리방법,8. 법규/설계,공사감리 촬영대상 처리방법,하
114,1,8,전기 절연의 내열성 등급(IEC 60085) 비교 설명,3. 수배전 설비,절연 내열등급 상대내열지수,중
114,1,9,하이브리드 분산형 전원 정의 및 ESS 충방전 방식,5. 신재생/신기술,하이브리드 분산형전원 ESS 충방전,중
114,1,10,코로나 임계전압과 코로나 방지대책 설명,2. 전력 계통,코로나 임계전압 방지대책,중
114,1,11,델타-Y 변압기 1차 1선 지락 시 2차 상전압 선간전압 변화,3. 수배전 설비,지락사고 전압변화,상
114,1,12,저항/아크 용접기 공급 분기회로 및 간선 시설방법,3. 수배전 설비,용접기 분기회로 시설,하
114,1,13,직선도선 전류 I에 의한 자계의 세기 H 계산,1. 기초 이론,비오-사바르 법칙 자계세기,중
114,2,1,건축물 조명제어 주요 프로토콜(Protocol) 설명,4. 부하 설비,조명제어 프로토콜 DALI,중
114,2,2,변압기 임피던스 전압(%Z) 개념 및 병렬운전 부하분담,3. 수배전 설비,변압기 임피던스 병렬운전 부하분담,상
114,2,3,자가발전기와 무정전전원장치(UPS) 조합 운전 시 고려사항,3. 수배전 설비,비상발전기 UPS 조합운전,상
114,2,4,태양광 인버터(PCS) Stage 및 종류 특징 설명,5. 신재생/신기술,태양광 인버터 PCS 스테이지,중
114,2,5,변압기 효율과 부하율 관계 및 유입/몰드변압기 비교,3. 수배전 설비,변압기 효율 부하율 몰드변압기,중
114,2,6,154kV 지중선로 OF케이블과 XLPE케이블 비교 설명,3. 수배전 설비,OF케이블 XLPE케이블 비교,중
114,3,1,저압 유도전동기 보호방법 및 차단기 용량 배선규격,4. 부하 설비,전동기 보호 차단기 용량,중
114,3,2,연료전지 발전의 원리 및 특징 설명,5. 신재생/신기술,연료전지 발전원리,중
114,3,3,광원의 연색성 평가와 연색성이 물체에 미치는 영향,4. 부하 설비,광원 연색성 평가,중
114,3,4,엘리베이터 설치 시 전압강하 수용률 변압기 용량 산정,4. 부하 설비,엘리베이터 전원설비 설계,상
114,3,5,전선 이상온도 검지장치 적용 및 시설방법 설명,6. KEC/접지/방재,전선 온도검지장치 시설기준,중
114,3,6,수전설비 용량산정 이단강하방식과 직강하방식 비교,3. 수배전 설비,이단강하방식 직강하방식 용량산정,중
114,4,1,계측기용 변류기와 보호계전기용 변류기 차이점,3. 수배전 설비,계측용 CT 보호용 CT 차이,상
114,4,2,전류동작형 누전차단기의 정상 및 누전 시 동작원리,3. 수배전 설비,누전차단기 동작원리 영상변류기,중
114,4,3,"UPS 구성 방식(단일 버스, 병렬, 이중버스) 특성 설명",3. 수배전 설비,UPS 구성방식 이중화,상
114,4,4,인버터 제어회로 역률 개선용 콘덴서 설계 및 직렬리액터,3. 수배전 설비,인버터 역률개선 콘덴서 직렬리액터,상
114,4,5,TN계통 전원자동차단에 의한 감전보호방식 설명,6. KEC/접지/방재,TN계통 감전보호 자동차단,중
114,4,6,피뢰시스템 설계 시 고려사항과 설계흐름도 설명,6. KEC/접지/방재,피뢰시스템 설계흐름도,중
115,1,1,수변전설비의 옥외형과 옥내형 선정을 위한 설계조건 설명,3. 수배전 설비,옥내외 수변전설비 설계조건,하
115,1,2,전기사업법상 자가용 전기설비로 간주하는 대상 설명,8. 법규/설계,자가용 전기설비 범위,중
115,1,3,ESCO(Energy Service Company)의 역할과 계약제도의 종류,7. 에너지/진단,ESCO 사업 계약제도,중
115,1,4,피뢰기(Lightning Arrester)가 가져야 할 특성 설명,3. 수배전 설비,피뢰기 구비조건 특성,중
115,1,5,"한국전력 전력품질 3대 지표(전압, 주파수, 정전시간)",2. 전력 계통,전력품질 3대 지표,하
115,1,6,사물인터넷(IoT) 개념 및 전력설비 적용 현황 설명,5. 신재생/신기술,IoT 전력설비 적용,중
115,1,7,승강기 회생제동장치 원리와 설치 제한 사항 설명,4. 부하 설비,승강기 회생제동 에너지절감,중
115,1,8,제1종 및 제2종 초전도체의 특성 비교 설명,1. 기초 이론,초전도체 특성 비교,상
115,1,9,한국전기설비규정(KEC)의 주요 제정 사항 설명,6. KEC/접지/방재,KEC 주요 개정사항,중
115,1,10,루미네슨스(Luminescence) 개념과 종류 설명,4. 부하 설비,루미네슨스 발광원리,하
115,1,11,변압기 보호용 통과고장 보호 곡선(Through Fault Protection Curve),3. 수배전 설비,변압기 보호곡선 ANSI/IEEE,상
115,1,12,분산형 전원 한전 계통 연계 시 고려사항 설명,5. 신재생/신기술,분산형전원 계통연계,중
115,1,13,테브난(Thevenin) 등가회로 및 부하전류 계산 (RL=8Ω),1. 기초 이론,테브난 등가회로 계산,상
115,2,1,3상 유도전동기(500kW) OCR(50/51) 정정치 및 시간탭 설정 방법,3. 수배전 설비,OCR 정정 유도전동기 보호,상
115,2,2,축전지 ESS 효율적 활용 용도 및 경제성(B/C) 비교,5. 신재생/신기술,ESS 활용도 경제성 분석,상
115,2,3,대단위 단지 구내 변전실 설계 시 배전계통 및 구성 방식,3. 수배전 설비,구내 배전계통 구성,중
115,2,4,"표피효과와 표피두께 결정 요인(주파수, 재질) 설명",1. 기초 이론,표피효과 표피두께 유도,중
115,2,5,효과적인 접지를 위한 단계별 고려사항 설명,6. KEC/접지/방재,접지설계 단계별 고려사항,중
115,2,6,"1000kW 디젤발전기 준공검사 시 점검사항(전기, 건축, 기계)",3. 수배전 설비,비상발전기 준공검사,중
115,3,1,영상전류/전압 검출 방법 및 영상 OCR 정정/선로 구분 방법,3. 수배전 설비,지락보호 영상전압 검출,상
115,3,2,명시조명과 분위기 조명의 특징 및 설계 고려사항,4. 부하 설비,명시조명 분위기조명 설계,하
115,3,3,수변전설비 설계 시 단락전류 증가 문제점 및 억제대책,3. 수배전 설비,단락전류 억제대책 한류리액터,중
115,3,4,개폐서지의 종류와 특성 설명,3. 수배전 설비,개폐서지 종류 특성,중
115,3,5,프로시니엄 공연장 무대 조명기구 배치구역별 설명,4. 부하 설비,무대조명 배치구역,중
115,3,6,6.6kV 전동기 CV케이블 규격 선정(온도보정 계수 적용),3. 수배전 설비,케이블 굵기 선정 온도보정,상
115,4,1,변압기 인증을 위한 공장시험의 종류 및 시험방법,3. 수배전 설비,변압기 공장시험 제작검사,중
115,4,2,방범설비 중 침입 발견설비 설명,8. 법규/설계,침입발견설비 방범시스템,하
115,4,3,분상전동기 기동토크 최대화를 위한 보조회로 저항 산출,4. 부하 설비,분상전동기 기동토크 유도,상
115,4,4,맥스웰 방정식을 이용한 전자파 파동방정식 설명,1. 기초 이론,맥스웰 방정식 파동방정식,상
115,4,5,MCCB 특징 및 저압계통 단락 보호 협조 방식 설명,3. 수배전 설비,MCCB 단락보호 협조 캐스케이드,중
115,4,6,"건설사업관리(CM) 설명 (필요성, 업무범위, CM과 감리, 자문형/책임형 비교)",8. 법규/설계,건설사업관리 CM 감리 비교,중
116,1,1,피뢰기를 변압기에 가까이 설치해야 하는 이유 설명,3. 수배전 설비,피뢰기 설치거리 제한전압,중
116,1,2,내선규정에 의한 제2종 접지선 굵기 산정기준 설명,6. KEC/접지/방재,제2종접지선 굵기 산정,하
116,1,3,교류자기회로 코일에 시변자속 인가 시 유도기전력 설명,1. 기초 이론,패러데이 법칙 유도기전력,중
116,1,4,R-L 직렬회로 스위치 투입 시 과도전류 i(t) 계산,1. 기초 이론,RL 직렬회로 과도현상,상
116,1,5,저압 옥내 직류전기설비의 접지 시설기준 (판단기준 289조),6. KEC/접지/방재,저압 직류전기설비 접지,중
116,1,6,축전지 충전방식 분류 (초기충전 및 사용 중 충전방식),3. 수배전 설비,축전지 충전방식 균등충전,하
116,1,7,변압기의 K-Factor 정의 및 영향 설명,3. 수배전 설비,변압기 K-Factor 고조파,중
116,1,8,전기방식 중 희생양극법의 원리 및 특징 설명,6. KEC/접지/방재,희생양극법 전식방지,하
116,1,9,교류회로 전선 병렬 사용 시 포설방법 설명,3. 수배전 설비,병렬전선 포설방법 불평형방지,중
116,1,10,소방부하 겸용 발전기용량 산정 시 수용률 기준 설명,3. 수배전 설비,소방발전기 수용률 RG방식,중
116,1,11,3고조파 전류가 영상전류가 되는 이유 수식 설명,1. 기초 이론,3고조파 영상전류 동상성분,중
116,1,12,변압기 과부하 운전이 가능한 조건 설명,3. 수배전 설비,변압기 과부하운전 조건,중
116,1,13,파센의 법칙(Paschen's law)과 페닝효과(Penning effect) 설명,1. 기초 이론,파센의 법칙 페닝효과,상
116,2,1,중성점 직접접지식과 비접지식 전로의 지락보호 비교 설명,2. 전력 계통,직접접지 비접지 지락보호,상
116,2,2,변류기(CT)의 과전류정수와 과전류강도 상세 설명,3. 수배전 설비,CT 과전류정수 과전류강도,중
116,2,3,전력용 콘덴서의 내부고장 보호방식 설명,3. 수배전 설비,콘덴서 내부보호 방식,중
116,2,4,해상풍력발전 전력계통 연계방안 (내부/해상변전소/외부망),5. 신재생/신기술,해상풍력 계통연계,상
116,2,5,공사감리 물가변동 계약금액 조정방법 및 구비서류 설명,8. 법규/설계,감리비 조정 지수조정율,하
116,2,6,3상 유도전동기 토크 공극전력 입력전력 효율 계산,4. 부하 설비,유도전동기 토크 효율 계산,상
116,3,1,케이블 충전전류 발생원인 영향 및 대책 설명,3. 수배전 설비,케이블 충전전류 정전용량,중
116,3,2,GVT(접지형 계기용변압기) 고려사항 및 영상전압 관계 설명,3. 수배전 설비,GVT 설치 영상전압 검출,상
116,3,3,2018년 REC 가중치 개정 및 FIT 제도 한시적 도입 배경 설명,5. 신재생/신기술,REC 가중치 FIT 제도,중
116,3,4,분진위험장소 전기배선 및 개폐기 전등설비 시설방법 설명,6. KEC/접지/방재,분진방폭 시설방법,중
116,3,5,전기설비의 내진대책 및 예방대책 설명,6. KEC/접지/방재,전기설비 내진대책 지진대비,중
116,3,6,VVVF와 VVCF의 원리 특징 및 적용 분야 설명,4. 부하 설비,인버터 제어 VVVF VVCF,중
116,4,1,지중케이블의 고장점 추정방법 종류별 설명,3. 수배전 설비,케이블 고장점 추정 머레이루프,상
116,4,2,골프장 야간조명계획 시 고려사항 설명,4. 부하 설비,골프장 조명 설계 글레어,하
116,4,3,한전계통 이상 시 분산형전원 분리 시간 기준 설명,5. 신재생/신기술,분산형전원 분리시간,중
116,4,4,용량 및 임피던스가 다른 변압기 병렬운전 부하분담 계산,3. 수배전 설비,변압기 병렬운전 부하분담,상
116,4,5,특별저압전원(ELV)에 의한 보호 방식 설명 (IEC 60364),6. KEC/접지/방재,ELV 보호 SELV PELV,중
116,4,6,소방시설용 비상전원 수전설비 설치기준 및 결선방법 설명,6. KEC/접지/방재,소방 비상전원 수전설비,중
117,1,1,"3상4선식 전압강하 계산식에서 전선 재질(Cu, Al)에 따른 계수 k 산출",1. 기초 이론,전압강하 계산식 계수 k,상
117,1,2,전기소방설비 비상전원의 종류 및 용량 설명,8. 법규/설계,소방 비상전원 종류 용량,중
117,1,3,전기사업법 및 한전 약관에 따른 전압종별 구분과 저압 수전 최대 계약전력,8. 법규/설계,전압종별 구분 계약전력 결정,중
117,1,4,전기사업법에 의한 전기신산업의 의미 설명,8. 법규/설계,전기신산업 스마트그리드,하
117,1,5,건축전기설비 설계기준상 건축전기설비의 역할 3가지,8. 법규/설계,건축전기설비 역할,하
117,1,6,"조명 용어 설명(퍼킨제 효과, 균제도)",4. 부하 설비,퍼킨제 효과 균제도,하
117,1,7,무한 긴 선전하로부터 거리에 따른 두 점 사이의 전위차 Vab 계산,1. 기초 이론,선전하 전위차 유도,상
117,1,8,전력용 변압기 최대효율 조건 설명(철손과 동손의 관계),3. 수배전 설비,변압기 최대효율 조건,중
117,1,9,휘도측정방법(KS C 7613) 목적 및 측정 기준 설명,4. 부하 설비,휘도측정방법 KS C 7613,중
117,1,10,주상복합건축물 경관조명 설계 시 고려사항과 설계절차,4. 부하 설비,경관조명 설계절차 고려사항,중
117,1,11,유도전동기 회로 배선용차단기(MCCB) 선정조건 설명,3. 수배전 설비,유도전동기 MCCB 선정,중
117,1,12,변류기(CT)의 포화특성 설명,3. 수배전 설비,CT 포화특성 과전류정수,상
117,1,13,직류 회로에서 중첩의 원리 등을 이용한 각 저항의 전류 계산,1. 기초 이론,회로망 해석 전류 계산,중
117,2,1,가스절연개폐장치(GIS) SF6 가스 특성 및 대체 기술 설명,3. 수배전 설비,SF6 가스 특성 대체가스,상
117,2,2,심매설접지(보링접지) 설계 및 시공 시 고려사항 설명,6. KEC/접지/방재,심매설접지 보링접지,중
117,2,3,건물에너지관리시스템(BEMS) 설명,7. 에너지/진단,BEMS 건물에너지관리시스템,하
117,2,4,교류 회로에서 전력계(Wattmeter) 지시값 계산,1. 기초 이론,전력계 지시값 복소전력 계산,상
117,2,5,단상 반파정류기와 단상 전파정류기 비교 설명,1. 기초 이론,단상 정류회로 반파 전파,하
117,2,6,건물 조명제어 관련 주요 프로토콜 설명,4. 부하 설비,조명제어 프로토콜 DALI,중
117,3,1,스폿네트워크 수전방식 사고구간별 보호 및 보호협조,3. 수배전 설비,스폿네트워크 네트워크 프로텍터,상
117,3,2,업무용 건물 구내통신선로설비 구성 및 설치기준,8. 법규/설계,구내통신선로설비 설치기준,중
117,3,3,고조파가 전력용 변압기와 회전기에 미치는 영향과 대책,3. 수배전 설비,고조파 변압기 회전기 영향,중
117,3,4,변압기 손실 종류 및 손실 저감 대책 설명,3. 수배전 설비,변압기 손실 저감 무부하손 부하손,중
117,3,5,전기실 및 발전기실 환기량 계산방법 설명,3. 수배전 설비,환기량 계산 발열량 제거,중
117,3,6,옥내운동장(KS C 3706) 조명기구 배치방식 설명,4. 부하 설비,옥내운동장 조명설계,하
117,4,1,불평형 전압이 유도전동기에 미치는 영향 설명,4. 부하 설비,전압 불평형 유도전동기 특성 변화,상
117,4,2,에너지저장장치(ESS) 화재 원인과 방지대책 설명,5. 신재생/신기술,ESS 화재 대책 배터리 열폭주,상
117,4,3,"자동화재탐지설비 수신기 종류 및 특수 감지기(불꽃, 아날로그, 초미립자)",6. KEC/접지/방재,화재수신기 특수감지기,중
117,4,4,"스마트그리드 필요성, 특징, 핵심기술 및 조건 설명",5. 신재생/신기술,스마트그리드 핵심기술 구현조건,중
117,4,5,글레어(Glare)의 종류와 평가방법 설명,4. 부하 설비,글레어 평가방법 UGR,중
117,4,6,전력용 콘덴서 운전 중 점검항목 및 배부름 원인과 대책,3. 수배전 설비,콘덴서 점검 팽창 원인 대책,중
118,1,1,KS C IEC 60529 전기기기 외함 보호등급(IP) 설명,8. 법규/설계,IP 등급 외함보호,하
118,1,2,전력선과 통신선 사이 차폐선 설치 시 전자유도전압 계산,1. 기초 이론,전자유도전압 차폐계수,상
118,1,3,전력간선(케이블/버스덕트) 단락 시 단락전자력 및 단락기계력 계산방법,3. 수배전 설비,단락전자력 단락기계력,상
118,1,4,전로의 절연성능 기준값 및 저압전로의 절연성능 설명,6. KEC/접지/방재,전로의 절연저항 절연성능,중
118,1,5,산화아연형(ZnO) 피뢰기의 열폭주 현상 설명,3. 수배전 설비,피뢰기 열폭주 ZnO,중
118,1,6,승강기의 설계순서와 배치결정 방법 설명,4. 부하 설비,승강기 설계순서 배치결정,하
118,1,7,수요반응(DR)의 의미와 국내 시행 요금제도 설명,7. 에너지/진단,수요반응 DR 요금제도,중
118,1,8,직렬커패시터와 병렬커패시터 적용 시 특성 및 효과 비교,2. 전력 계통,직렬콘덴서 병렬콘덴서 비교,상
118,1,9,고체 유전체의 트리잉(Treeing) 및 트래킹(Tracking) 현상 설명,1. 기초 이론,절연파괴 트리잉 트래킹,중
118,1,10,변압기의 단절연(Graded Insulation) 설명,3. 수배전 설비,변압기 단절연 전절연,중
118,1,11,폴리에틸렌전선관(CD)의 특징/호칭/성능 설명,3. 수배전 설비,CD관 특징 호칭 성능,하
118,1,12,수소자동차 저장식 충전소 설계 시 전기적 고려사항 설명,5. 신재생/신기술,수소충전소 전기설비 설계,중
118,1,13,맥스웰 방정식(Maxwell Equation) 4가지 설명,1. 기초 이론,맥스웰 방정식 전자계이론,상
118,2,1,건축물의 EMC(전자기적합성) 대책 설명,8. 법규/설계,EMC 대책 EMI EMS,중
118,2,2,도로조명(KS A 3701) 등급/배치 및 터널조명(KS C 3703) 설치방법,4. 부하 설비,도로조명 터널조명 설계,중
118,2,3,전력용 변압기 발생 고장의 종류 및 현상 설명,3. 수배전 설비,변압기 내부고장 외부고장,중
118,2,4,디젤엔진 비상발전기의 보호계전방식 설명,3. 수배전 설비,비상발전기 보호계전방식,중
118,2,5,무정전 전원장치(UPS) 용량설계 시 고려사항 설명,3. 수배전 설비,UPS 용량설계 고려사항,상
118,2,6,비상방송설비의 장애발생 원인 및 성능개선 방안 설명,8. 법규/설계,비상방송설비 장애개선,중
118,3,1,특고압 전선로 인체보호기준 기술기준 제정이유와 주요내용,8. 법규/설계,특고압 인체보호기준,중
118,3,2,ATS와 CTTS의 특성 비교 설명,3. 수배전 설비,ATS CTTS 비교 무정전절체,상
118,3,3,케이블 트랜치 시공 시 고려사항 설명,3. 수배전 설비,케이블트랜치 시공유의사항,하
118,3,4,공동구의 전기설비설계기준 설명,8. 법규/설계,공동구 전기설비 설계기준,중
118,3,5,교류배전과 직류배전 특성 비교 및 직류배전 도입 고려사항,2. 전력 계통,AC배전 DC배전 비교,중
118,3,6,"태양광발전용 인버터 Topology 구성방법(MIC, String, Central)",5. 신재생/신기술,태양광 인버터 토폴로지,상
118,4,1,"22.9kV 직강압방식 변압기 용량결정(주변압기, 전등/동력, 용접기)",3. 수배전 설비,변압기 용량산정 직강압방식,중
118,4,2,분산형전원 계통연계용 변압기의 결선방식 설명,5. 신재생/신기술,분산형전원 변압기 결선방식,중
118,4,3,건축물 전기설비의 접지선 굵기 산정 방법 설명,6. KEC/접지/방재,접지선 굵기 산정식,상
118,4,4,변압기 2차측 지락사고 시 접촉전압/감전전류 계산 및 안전대책,6. KEC/접지/방재,접촉전압 감전전류 계산,상
118,4,5,저압 SPD(Surge Protective Device) 선정 시 고려사항 설명,6. KEC/접지/방재,저압 SPD 선정기준,중
118,4,6,에너지절약계획서 전기부문 의무/권장사항 및 면제 건축물 설명,7. 에너지/진단,에너지절약계획서 제출대상,하
119,1,1,플리커(Flicker) 정의 및 경감대책 설명,2. 전력 계통,플리커 전압변동 경감대책,중
119,1,2,순응 및 퍼킨제 효과의 개념 및 응용 설명,4. 부하 설비,퍼킨제 효과 순응 시각특성,하
119,1,3,2대의 동기발전기 병렬운전 시 기전력 및 위상 차이에 따른 현상,3. 수배전 설비,발전기 병렬운전 횡류 동기화전류,상
119,1,4,건축물의 비상발전기 용량산정 방법 설명,3. 수배전 설비,비상발전기 용량산정 PG RG 방식,중
119,1,5,직류송전(HVDC)의 장단점 비교 설명,2. 전력 계통,직류송전 장단점 HVDC,중
119,1,6,중첩의 정리를 이용한 부하전류 IL(A) 계산,1. 기초 이론,중첩의 정리 회로계산,상
119,1,7,의료장소의 접지계통방식(IT접지 등) 설명,6. KEC/접지/방재,의료장소 접지 IT 계통,중
119,1,8,소화활동설비용 비상콘센트설비의 설치 기준 설명,6. KEC/접지/방재,비상콘센트 설치기준,하
119,1,9,주택용 분전반 설치장소 선정 시 고려사항 설명,3. 수배전 설비,주택용 분전반 설치장소,하
119,1,10,"인가 전압 변동(110%,  90%)에 따른 유도전동기 특성 변화 설명",4. 부하 설비,전압변동 전동기특성 슬립 토크,중
119,1,11,1.5kV 이하 직류 가공전선로의 시설방법 설명,3. 수배전 설비,직류 가공전선로 시설기준,중
119,1,12,아크차단기(AFCI)의 정의 및 동작원리 설명,3. 수배전 설비,아크차단기 AFCI 화재예방,상
119,1,13,이차전지 이용 ESS 화재 안전강화 대책 및 추가 검사 항목,5. 신재생/신기술,ESS 화재대책 사용전검사,상
119,2,1,비상용 동기발전기 부하 종류별 단자전압 특성(식과 그래프),3. 수배전 설비,발전기 단자전압 특성 전기자반작용,상
119,2,2,건축물 내의 통합자동제어설비(BAS/IBS) 설명,8. 법규/설계,통합자동제어설비 BAS IBS,중
119,2,3,고조파 정의/원리 및 케이블 고조파 전류 보정계수 설명,3. 수배전 설비,고조파 보정계수 케이블 선정,상
119,2,4,고령자 배려 주거시설 전기설비 설계 시 고려사항 설명,8. 법규/설계,고령자 주거시설 전기설비 설계,하
119,2,5,"전반조명설계 절차 및 조도 계산방법(3배광법, ZCM)비교",4. 부하 설비,광속법 구역공간법 조도계산,중
119,2,6,건축물 배선설비 선정과 설치 시 고려할 외적 영향 10가지,3. 수배전 설비,배선설비 외적영향 선정기준,중
119,3,1,"순시전압강하(Voltage Sag)의 정의, 원인 및 대책 설명",2. 전력 계통,순시전압강하 SAG 대책,상
119,3,2,인덕터 L 전류와 전압 E가 동상이 되기 위한 저항 R2 값 계산,1. 기초 이론,회로이론 위상계산 공진,상
119,3,3,유도전동기 기동방식 선정 및 비상전원겸용 ESS 영향 대책,4. 부하 설비,유도전동기 기동법 ESS 연계,상
119,3,4,그린 데이터 센터 전기설비 효율 향상 구축 방안 설명,8. 법규/설계,그린 데이터 센터 PUE 효율화,중
119,3,5,단거리선로 옴법 전압강하 계산식(등가회로 및 벡터도) 설명,1. 기초 이론,전압강하 계산식 벡터도,중
119,3,6,전기자동차 전원공급설비 저압선로 및 충전/방호장치 시설,5. 신재생/신기술,전기자동차 충전설비 시설기준,중
119,4,1,수변전실 설계 시 고려해야 할 사항 설명,8. 법규/설계,수변전실 위치 선정 설계고려사항,중
119,4,2,태양전지의 최대 전력점(MPP)과 효율 설명,5. 신재생/신기술,태양전지 MPP 효율 특성곡선,중
119,4,3,병렬 도체 접속 시 고려사항 및 케이블 특수 배치 방법 설명,3. 수배전 설비,병렬케이블 배치 전류불평형 방지,상
119,4,4,"방화구획재 종류 및 내화구조, 난연/내열케이블 특성 설명",6. KEC/접지/방재,방화구획 내화구조 난연케이블,중
119,4,5,전동기용 분기회로 개폐기/과전류차단기/전선 굵기 선정,3. 수배전 설비,전동기 분기회로 설계기준,중
119,4,6,GIS(가스절연개폐장치) 구성 기기 및 재래식 대비 장점 설명,3. 수배전 설비,GIS 구성 장점 SF6 가스,중
120,1,1,피뢰기(LA) 정격 선정 고려사항 및 서지흡수기(SA) 정격 설명,3. 수배전 설비,LA SA 정격선정 고려사항,중
120,1,2,"수변전설비 모선방식(단일모선, 섹션모선, 이중모선) 설명",3. 수배전 설비,모선방식 단일모선 이중모선,하
120,1,3,전력퓨즈(Power Fuse)의 종류 및 기능과 특징 설명,3. 수배전 설비,전력퓨즈 한류형 비한류형,하
120,1,4,역률개선용 전력콘덴서 설치 시 기대효과 설명,3. 수배전 설비,역률개선 콘덴서 기대효과,하
120,1,5,직류 2선식 전압강하 계산식 유도,1. 기초 이론,직류 전압강하 유도식,상
120,1,6,비상조명등 부하에 따른 연축전지(HS형) 용량 계산,3. 수배전 설비,축전지 용량산정 용량환산시간 K,상
120,1,7,노외주차장 조명설비 및 CCTV 설치기준 설명,8. 법규/설계,노외주차장 조명 CCTV 설치기준,중
120,1,8,건축전기설비 내진설계 목적 및 개념도 설명,6. KEC/접지/방재,전기설비 내진설계 목적 개념,중
120,1,9,"열전효과 개요와 3가지 효과(제베크, 펠티에, 톰슨) 설명",1. 기초 이론,열전효과 제베크 펠티에 톰슨,중
120,1,10,전력기술관리법 시행령상 감리원의 업무범위 설명,8. 법규/설계,감리원 업무범위 전력기술관리법,하
120,1,11,전기울타리 시설 방법 및 전원장치 기준 설명,8. 법규/설계,전기울타리 시설기준 전원장치,하
120,1,12,건축전기설비(IEC 60364) 적용시설 및 적용제외 대상 설명,8. 법규/설계,IEC 60364 적용대상 제외시설,중
120,1,13,V2G(Vehicle to Grid) 도입 배경 및 정의 설명,5. 신재생/신기술,V2G 도입배경 정의,하
120,2,1,빌딩 정전기 발생원인과 방지대책 설명,8. 법규/설계,빌딩 정전기 방지대책,중
120,2,2,의료기기 장착부별 구분 및 비상전원 종류와 요구사항,8. 법규/설계,의료장소 비상전원 장착부 구분,상
120,2,3,전력계통 중성점 접지방식의 목적 및 방식별 특징 비교,2. 전력 계통,중성점 접지방식 비교 지락전류,중
120,2,4,550세대 고층아파트 단지 수전/변전/발전설비 기획,8. 법규/설계,아파트 전기설비 기획 부하산정,상
120,2,5,3상 유도전동기 결상 시 역상전류 증명 및 보호방식 설명,4. 부하 설비,유도전동기 결상 역상전류 보호,상
120,2,6,방폭형 조명기구 구조/종류 및 폭발위험장소 등급구분,6. KEC/접지/방재,방폭조명 폭발위험장소 구분,상
120,3,1,풍력발전설비 구성요소 및 비상정지/전력변환장치 검사항목,5. 신재생/신기술,풍력발전 구성요소 검사항목,중
120,3,2,주차관제설비 신호제어장치 및 차체 검지기 분류 설명,4. 부하 설비,주차관제 신호제어 차체검지기,하
120,3,3,자동화재탐지설비 비화재보 종류와 원인 및 대책 설명,6. KEC/접지/방재,비화재보 원인 대책,중
120,3,4,광고조명 조명방식과 설치기준 및 휘도측정방법 설명,4. 부하 설비,광고조명 설치기준 휘도측정,중
120,3,5,인텔리전트 빌딩 정의 및 에너지 절약 요소와 경제성,8. 법규/설계,인텔리전트빌딩 에너지절약 구비조건,중
120,3,6,전력간선 굵기산정 흐름도 및 선정 시 고려사항 설명,3. 수배전 설비,간선 굵기선정 허용전류 전압강하,중
120,4,1,케이블 단락 시 기계적 강도 계산 필요성 및 프로세스 설명,3. 수배전 설비,케이블 단락전자력 기계적강도,상
120,4,2,발전기실 설계 시 건축/환경/전기적 고려사항 및 구조 설명,3. 수배전 설비,발전기실 설계 건축전기 고려사항,중
120,4,3,공동주택 세대별 원격검침설비 설계 시 고려사항 설명,8. 법규/설계,원격검침설비 설계 고려사항,하
120,4,4,전력선에 의한 통신유도장해 발생원인과 대책 설명,2. 전력 계통,통신유도장해 전자유도 정전유도,중
120,4,5,연료전지 발전설비 정의 및 시스템 구성요소별 기능 설명,5. 신재생/신기술,연료전지 시스템 구성 기능,중
120,4,6,엘리베이터 운전방식/설치계획 고려사항 및 설치기준 설명,4. 부하 설비,엘리베이터 운전방식 설치계획,중
121,1,1,통합접지 시공 시 감전보호용 등전위본딩 적용 대상 및 시설 방법,6. KEC/접지/방재,등전위본딩 통합접지,중
121,1,2,통합자동제어설비의 설계순서 및 제어방법 설명,8. 법규/설계,통합자동제어 설계 BAS,중
121,1,3,3상 단락고장 시 고장전류 계산 목적과 계산 순서 설명,2. 전력 계통,단락전류 계산목적 절차,중
121,1,4,변압기 여자돌입전류 발생 원인 및 보호장치 오동작 방지 대책,3. 수배전 설비,여자돌입전류 오동작 방지,상
121,1,5,절연계급과 기준충격절연강도(BIL)에 대한 각각의 설명,3. 수배전 설비,절연계급 BIL 절연협조,중
121,1,6,전기설비에서 영상분 고조파가 콘덴서에 미치는 영향 설명,3. 수배전 설비,영상분 고조파 콘덴서 과열,중
121,1,7,허용 보폭전압(Step Voltage)의 정의와 계산 방법 설명,6. KEC/접지/방재,보폭전압 계산 접지설계,상
121,1,8,전기설비 배선의 표피효과와 근접효과에 대한 설명,1. 기초 이론,표피효과 근접효과 도체저항,중
121,1,9,옥내 저압간선의 허용전류 및 분기회로 과전류 차단기 생략 조건,3. 수배전 설비,저압간선 허용전류 차단기 생략,중
121,1,10,사무실용 LED 조명의 색온도 특성 설명,4. 부하 설비,LED 색온도 연색성,하
121,1,11,에너지 이용 합리화를 위한 기본계획 설명,7. 에너지/진단,에너지이용합리화 기본계획,하
121,1,12,신재생에너지 단독운전 시 문제점과 방지 대책 설명,5. 신재생/신기술,단독운전 방지 LOM,중
121,1,13,터널조명 설계 시 플리커(Flicker) 발생 원인과 대책 설명,4. 부하 설비,터널조명 플리커 대책,중
121,2,1,ESS(Energy Storage System)의 안전 강화를 위한 시설 기준 설명,5. 신재생/신기술,ESS 안전기준 화재대책,상
121,2,2,정전 작업 시 감전사고 방지를 위한 안전 조치 및 작업 방법,8. 법규/설계,정전작업 5대 안전수칙,중
121,2,3,22.9kV 수배전반 주요자재 품질기준 및 공장 검수 확인 사항,8. 법규/설계,수배전반 공장검수 감리업무,중
121,2,4,"디지털 보호계전기의 특성, 기본 구성 및 주요 기능 설명",3. 수배전 설비,디지털 계전기 구성 기능,중
121,2,5,공동구 전기설비 설계기준 및 케이블 방화대책 설명,6. KEC/접지/방재,공동구 설계 방화구획,중
121,2,6,"제로 에너지 빌딩(Zero Energy Building) 개념, 적용기술 및 기대효과",7. 에너지/진단,제로에너지빌딩 적용기술,중
121,3,1,누전차단기 동작원리 및 인체 감전전류 산출을 통한 선정 계산,3. 수배전 설비,누전차단기 감전전류 계산,상
121,3,2,"변압기 무부하/단락 시험 방법 및 임피던스 전압, 효율, 전압변동률",3. 수배전 설비,변압기 특성시험 전압변동률,상
121,3,3,벡터도를 이용한 전압강하식 유도 및 3상 4선식 계산식 증명,1. 기초 이론,전압강하 유도 벡터도,상
121,3,4,동기전동기의 토크와 부하각 특성 및 안전운전 범위 설명,4. 부하 설비,동기전동기 부하각 특성,상
121,3,5,"피뢰기(LA) 구비조건, 동작특성, 설치장소 및 보호 유효거리",3. 수배전 설비,피뢰기 설치장소 유효거리,중
121,3,6,"전력기술관리법에 따른 설계감리 대상, 자격 및 업무 내용 설명",8. 법규/설계,설계감리 대상 업무내용,하
121,4,1,이종(異種) 금속 접촉에 의한 부식 원인 및 방지 대책 설명,6. KEC/접지/방재,전식 갈바닉 부식 방지,중
121,4,2,"전자화 배전반의 구성, 기능, 문제점 및 진단 시스템 설명",3. 수배전 설비,전자화 배전반 예방진단,중
121,4,3,"전력용 변압기의 보호장치(전기적, 기계적 보호) 설명",3. 수배전 설비,변압기 보호장치 비율차동,중
121,4,4,대칭 및 비대칭 단락전류 계산 방법에 대한 구분 설명,2. 전력 계통,단락전류 계산 비대칭계수,상
121,4,5,"학교조명(교실, 급식실, 강당) 설계 시 고려사항 설명",4. 부하 설비,학교조명 설계기준,하
121,4,6,동력제어반(MCC)의 구성 기기 및 공사감리 시 검토 사항 설명,8. 법규/설계,MCC 구성 감리검토사항,중
122,1,1,전력반도체 중 IGCT(Integrated Gate Commutated Thyristor) 설명,5. 신재생/신기술,전력반도체 IGCT 인버터,상
122,1,2,피뢰기(LA)의 단로장치(Isolator/Disconnector) 설명,3. 수배전 설비,피뢰기 단로장치 Isolator,중
122,1,3,빌딩 내 수변전설비의 변압기뱅크 2차측 모선방식 설명,3. 수배전 설비,변압기 뱅킹 모선방식,하
122,1,4,옥내배선공사의 케이블 트렌치 공사 시설기준 설명,3. 수배전 설비,케이블 트렌치 시설기준,하
122,1,5,태양광설비 시공기준(모듈 제품 설치용량 설치상태) 설명,5. 신재생/신기술,태양광 시공기준 모듈설치,중
122,1,6,무정전전원장치(UPS)용 대용량 축전지 선정 요구사항 및 필요조건,3. 수배전 설비,UPS 축전지 선정조건,상
122,1,7,전기사업법령상 전기의 품질기준 및 유지 방법 설명,8. 법규/설계,전기 품질기준 표준전압 주파수,하
122,1,8,공동주택 세대별 원격검침설비 기기 구성 및 전송선로 배선 설명,8. 법규/설계,원격검침 시스템 구성,하
122,1,9,분산형 전원의 배전계통연계 목적 및 연계기술기준 설명,5. 신재생/신기술,분산형전원 계통연계기준,중
122,1,10,전기자동차(EV) 충전방식(급속 완속 등) 설명,5. 신재생/신기술,EV 충전방식 콤보 차데모,하
122,1,11,이차전지 이용 전기저장장치(ESS)의 제어 및 보호장치 시설기준,5. 신재생/신기술,ESS 보호장치 시설기준,상
122,1,12,전원외란 중 순시전압강하(Voltage Sag)와 전압변동 원인 및 영향,2. 전력 계통,순시전압강하 전압변동 영향,중
122,1,13,"조명 용어 설명(시감도, 순응, 퍼킨제 효과)",4. 부하 설비,시감도 순응 퍼킨제효과,하
122,2,1,지능형 홈네트워크 필수 설비 예비전원 및 사용기기 설치기준,8. 법규/설계,홈네트워크 설치기준 예비전원,중
122,2,2,디젤엔진발전기 설치 시 준공검사에 필요한 점검사항 설명,3. 수배전 설비,비상발전기 준공점검,중
122,2,3,개폐서지(Surge)의 종류와 대책 설명,3. 수배전 설비,개폐서지 종류 개폐서지 흡수기,상
122,2,4,전동기의 보호장치 및 보호방식(과부하 단락 결상 등) 설명,4. 부하 설비,전동기 보호방식 보호계전기,중
122,2,5,리튬이온 전지 동작원리 특징 및 ESS 사용 시 안전대책,5. 신재생/신기술,리튬이온배터리 ESS 안전대책,상
122,2,6,전력케이블의 열화 요인/형태 및 방지대책과 진단방법 설명,3. 수배전 설비,케이블 열화진단 수트리,상
122,3,1,배전선로 전력손실 정의 및 경감 대책 설명,2. 전력 계통,전력손실 경감대책 역률개선,하
122,3,2,전선을 병렬로 사용하는 경우 포설방법과 접속방법 설명,3. 수배전 설비,병렬전선 포설방법 전류불평형,중
122,3,3,인공조명에 의한 빛공해 방지법에 대하여 설명,8. 법규/설계,빛공해방지법 조명환경관리구역,하
122,3,4,엘리베이터의 속도제어방식 종류와 특성 설명,4. 부하 설비,엘리베이터 속도제어 VVVF,중
122,3,5,풍력발전시스템 구성/원리 및 계통 연계 시 영향과 대책,5. 신재생/신기술,풍력발전 계통연계 영향,상
122,3,6,지중전선로 시설방식/종류/지중함 시설 및 상호 접근 시 시설방법,3. 수배전 설비,지중전선로 시설기준 지중함,중
122,4,1,구내방송설비 스피커 종류 및 배치방법(사무실/공연장/체육관),4. 부하 설비,구내방송 스피커 배치 BGM,하
122,4,2,에너지 하베스팅 기술과 압전 발전의 원리 및 기술동향,5. 신재생/신기술,에너지하베스팅 압전소자,상
122,4,3,전기사업용 ESS 사용전검사 시 사전제출 자료 및 검사항목,5. 신재생/신기술,ESS 사용전검사 검사항목,중
122,4,4,케이블의 수트리(Water Tree) 현상에 대하여 설명,3. 수배전 설비,케이블 수트리 열화 메커니즘,상
122,4,5,항공장애 표시등 설치대상/제외대상/종류 및 설치방법,8. 법규/설계,항공장애 표시등 설치기준,중
122,4,6,터널조명 설계기준(설계속도 정지거리 각 부위별 조명요건),4. 부하 설비,터널조명 설계기준 유지관리,상
123,1,1,건축전기설비 설계 시 종합방재실 설치목적 및 타 공종 협의사항,8. 법규/설계,종합방재실 인터페이스,중
123,1,2,변압기 절연방식 중 저감절연 및 단절연의 이유와 이점,3. 수배전 설비,저감절연 단절연 변압기 절연,중
123,1,3,단락사고 시 단락전류 Peak 값이 1/2 cycle에서 최대가 되는 이유,2. 전력 계통,단락전류 최대값 비대칭계수,상
123,1,4,고조파 발생원인과 저감대책 설명,3. 수배전 설비,고조파 발생원인 저감대책,하
123,1,5,XLPE케이블 수트리(Water Tree) 발생원인 및 부위별 분류,3. 수배전 설비,케이블 수트리 열화,중
123,1,6,플로어덕트(Floor Duct) 공사 방법의 특징 및 유의사항,3. 수배전 설비,플로어덕트 시설기준,하
123,1,7,KEC 시행에 따른 전압 종별/전선 식별/시험전압 및 절연저항 기준,6. KEC/접지/방재,KEC 전압종별 전선식별,중
123,1,8,건축전기설비 설계기준상 간선의 배선방식 종류 및 특징,3. 수배전 설비,간선 배선방식 개별평행방식,하
123,1,9,박물관 및 미술관 전시물 조명 손상 원인 및 방지대책,4. 부하 설비,박물관 조명 손상방지,중
123,1,10,전기용접기 부하용 자기누설변압기의 원리 설명,3. 수배전 설비,자기누설변압기 용접기부하,중
123,1,11,가시광선 파장범위와 자외선 및 적외선 이용 광원 설명,4. 부하 설비,광원 종류 파장범위,하
123,1,12,계측기용 및 보호계전기용 변류기(CT)의 과전류 특성 비교,3. 수배전 설비,계측용 CT 보호용 CT 차이,상
123,1,13,태양광 발전설비의 주요 구성과 Hotspot 현상 설명,5. 신재생/신기술,태양광 Hotspot 바이패스 다이오드,중
123,2,1,전기회로 선로정수(R L C G)의 구성요소 및 특성,1. 기초 이론,선로정수 저항 인덕턴스 정전용량,하
123,2,2,정보설비 신호구성 4요소 및 전파의 성질과 분류,8. 법규/설계,신호구성요소 전파의 성질,중
123,2,3,전류에 의한 도선 간 전자력 계산 및 플레밍의 왼손법칙,1. 기초 이론,도선간 전자력 플레밍의 왼손법칙,상
123,2,4,전력계통 기준충격절연강도(BIL) 및 절연협조 정의와 고려사항,3. 수배전 설비,BIL 절연협조 피뢰기,중
123,2,5,분산형전원 특징 및 배전계통 연계 시 운영상 문제점과 대책,5. 신재생/신기술,분산형전원 계통연계 영향,상
123,2,6,비행장 등화의 종류와 설치기준 설명,8. 법규/설계,비행장 등화 설치기준,중
123,3,1,"조도측정 단위구역별 평균조도 측정방법(1점법, 2점법, 5점법)",4. 부하 설비,평균조도 측정방법 조도계,중
123,3,2,내진설계 대상 건축물 및 수변전설비의 내진설계 대책,6. KEC/접지/방재,내진설계 수변전설비 고정방법,중
123,3,3,인텔리전트 빌딩 LAN의 정의/분류/구성 및 동작 설명,8. 법규/설계,LAN 구성 성형 버스형 토폴로지,하
123,3,4,발전소 내 전선로의 선정과 공사방법 설명,3. 수배전 설비,발전소 전선로 공법,중
123,3,5,폭발위험장소 구분/누출등급/개구부 종류 및 범위 선정 고려사항,6. KEC/접지/방재,방폭구조 폭발위험장소 0종,상
123,3,6,차단기 개폐서지 종류와 특징 및 고압/저압측 대책,3. 수배전 설비,개폐서지 대책 서지흡수기(SA),상
123,4,1,자가용 수전설비 계획 시 설계순서 및 에너지절감 대책,3. 수배전 설비,수전설비 설계순서 에너지절감,중
123,4,2,영상변류기(ZCT) 원리 및 접지방식별 지락보호 방식 비교,3. 수배전 설비,ZCT 원리 직접접지 비접지 보호,상
123,4,3,스키장 야간조명설비 설계(눈부심 및 안전 고려),4. 부하 설비,스키장 조명 설계 글레어,하
123,4,4,KS C IEC 60364 및 62305-1에 따른 과전압 보호 방식,6. KEC/접지/방재,과전압 보호 SPD 절연협조,상
123,4,5,"농형 유도전동기의 기동방식(직입, Y-D, 리액터 등) 설명",4. 부하 설비,유도전동기 기동법 농형,하
123,4,6,기존 전력망과 스마트 그리드 특징 비교 및 산업 변화 전망,5. 신재생/신기술,스마트그리드 양방향 전력망,중
124,1,1,유도전동기 진동과 소음의 원인 설명,4. 부하 설비,유도전동기 진동 소음,하
124,1,2,전력케이블 충전전류 발생원인 및 문제점 영향 설명,3. 수배전 설비,충전전류 정전용량,중
124,1,3,파워퓨즈(PF) 한류형과 비한류형의 구조 및 특징 비교,3. 수배전 설비,한류형 PF 비한류형 PF,중
124,1,4,광원 색온도 정의 및 조도와의 관계 설명,4. 부하 설비,색온도 조도 Kruithof 곡선,하
124,1,5,전기재료의 전기적 고유특성 3가지(도전 절연 유전) 설명,1. 기초 이론,도전율 절연내력 유전율,하
124,1,6,대지저항률 측정 웨너(Wenner) 4전극법 및 대지저항률 특성 설명,6. KEC/접지/방재,웨너 4전극법 대지저항률,상
124,1,7,전력계통 유효접지와 비유효접지 비교 설명,2. 전력 계통,유효접지 직접접지 비유효접지,상
124,1,8,변류기 Knee Point Voltage 정의 및 CT에 미치는 영향 설명,3. 수배전 설비,Knee Point 포화특성,상
124,1,9,보호계전기 정의 및 오동작 방지 조건 설명,3. 수배전 설비,보호계전기 오동작 방지,중
124,1,10,차단기 캐스케이드(Cascade) 보호협조 방식 및 차단방법 설명,3. 수배전 설비,캐스케이드 차단 보호협조,중
124,1,11,과도현상에서 최대전력 전달조건(R L C 회로별) 설명,1. 기초 이론,최대전력 전달조건 임피던스 매칭,상
124,1,12,3상 유도전동기 전기적 제동방식 4가지 설명,4. 부하 설비,유도전동기 제동 발전제동 회생제동,중
124,1,13,정전기 방전현상 중 코로나 방전 설명,1. 기초 이론,정전기 코로나 방전,하
124,2,1,대형 건축물 변전실 위치/기기배치/건축 고려사항 및 면적 결정 요소,8. 법규/설계,변전실 설계 고려사항,중
124,2,2,대칭좌표법에 의한 1선 지락고장 대칭분 및 지락전류 산출 설명,2. 전력 계통,대칭좌표법 1선 지락전류 계산,상
124,2,3,유도전동기 속도제어 기본식 및 제어 방법 종류와 적용 설명,4. 부하 설비,유도전동기 속도제어 인버터,중
124,2,4,LEMP 보호대책시스템(LPMS) 및 피뢰구역(LPZ) 대책 설명,6. KEC/접지/방재,LPMS LPZ 뇌전자기임펄스,상
124,2,5,대용량 에너지 저장시스템(BESS) 구성도 및 전지종류별 특징 기술동향,5. 신재생/신기술,BESS 리튬이온배터리,상
124,2,6,변류기 비오차/합성오차/비보정 계수 설명 및 비오차 계산,3. 수배전 설비,CT 비오차 계산 RCF,상
124,3,1,수변전설비 변압기 뱅크 구성방법 및 모선 구성방식 특징 설명,3. 수배전 설비,변압기 뱅크 구성 모선방식,중
124,3,2,건축전기설비 내진설계 고려사항 및 기기별(TR 발전기 등) 내진대책,6. KEC/접지/방재,전기설비 내진설계 방진,중
124,3,3,신·재생에너지 정의/특징 및 11가지 종류 설명,5. 신재생/신기술,신재생에너지 종류,하
124,3,4,초고층 건축물 수직간선 계획/선정 고려사항 및 부설방법별 대책,8. 법규/설계,초고층 수직간선 전압강하,중
124,3,5,조명기구 특성 기능(배광 휘도특성 기구효율) 설명,4. 부하 설비,조명기구 배광 기구효율,하
124,3,6,변압기 여자돌입전류 발생 메커니즘(투입 시 전압 위상별) 설명,3. 수배전 설비,여자돌입전류 메커니즘 잔류자속,상
124,4,1,예비전원 설비 축전지용량 산정방법 설명,3. 수배전 설비,축전지 용량산정 보수율,상
124,4,2,건물일체형 태양광발전(BIPV) 시스템 구조/특징 및 일반 PV와 비교,5. 신재생/신기술,BIPV 태양광 모듈,중
124,4,3,선로 이상전압 발생원인과 보호대책 설명,2. 전력 계통,이상전압 보호대책 피뢰기,중
124,4,4,박물관 및 미술관 전시조명 설계 시 고려사항 설명,4. 부하 설비,전시조명 설계 연색성,중
124,4,5,KEC 접지방식 중 TN TT IT 계통접지 시스템 설명,6. KEC/접지/방재,KEC 접지계통 TN TT IT,상
124,4,6,에스컬레이터 전원용량 산정방법과 안전장치 설명,4. 부하 설비,에스컬레이터 전원용량 안전장치,중
125,1,1,의료시설의 매크로쇼크(Macro Shock)와 마이크로쇼크(Micro Shock) 설명,8. 법규/설계,매크로쇼크 마이크로쇼크 의료장소,중
125,1,2,전력퓨즈(PF)의 주요특성 및 정격 차단용량 설명,3. 수배전 설비,전력퓨즈 주요특성 차단용량,하
125,1,3,특고압 수용가 부족전압계전기(UVR) 설치위치 및 동작시간,3. 수배전 설비,UVR 설치위치 동작시간,중
125,1,4,"차단기 명판 정보(BIL 150kV, 12.5kA 등)의 의미와 정격 설명",3. 수배전 설비,차단기 정격 BIL 차단전류,중
125,1,5,건물관리시스템(BEMS)의 도입목적 및 세부사항 설명,7. 에너지/진단,BEMS 도입목적 세부사항,하
125,1,6,무정전전원공급장치(UPS) 부하용량 산정 및 고려사항 설명,3. 수배전 설비,UPS 용량산정 고려사항,상
125,1,7,전기화재 원인 트래킹(Tracking) 발생 메커니즘 및 방지대책,6. KEC/접지/방재,트래킹 화재 메커니즘 방지대책,중
125,1,8,조도계산 광손실률(LLF) 및 회복 가능/불가능 요인 설명,4. 부하 설비,광손실률 감광보상률 회복요인,하
125,1,9,공동주택 단위 세대의 부하산정 방법 설명,8. 법규/설계,공동주택 부하산정 단위세대,하
125,1,10,의료장소 상용전원 중단 시 비상전원 공급 방안(KEC 규정),8. 법규/설계,의료장소 비상전원 공급방안,중
125,1,11,전력시설물 설계감리 대상/업무범위/설계도서 보관의무 설명,8. 법규/설계,설계감리 업무범위 보관의무,하
125,1,12,전자기학 맥스웰 방정식(Maxwell Equation)에 대하여 설명,1. 기초 이론,맥스웰 방정식 전자기학,상
125,1,13,KEC 접지설계 주요사항 및 수전전압별 고려사항 설명,6. KEC/접지/방재,KEC 접지설계 고려사항,중
125,2,1,서지보호장치(SPD) 적용범위/보호협조/적용장소 설명,6. KEC/접지/방재,SPD 보호협조 적용장소,중
125,2,2,XLPE 케이블 구조/특징 및 시스(Sheath) 전위 저감 접지방식,3. 수배전 설비,XLPE 케이블 시스접지 전위저감,상
125,2,3,정류기/인버터 리플프리 직류 및 백리플 발생원인과 대책,3. 수배전 설비,리플프리 직류 백리플 대책,상
125,2,4,전기 샤프트(ES) 및 정보통신용 샤프트(TPS) 설계 시 고려사항,8. 법규/설계,전기샤프트 면적산정 TPS,중
125,2,5,지능형 홈네트워크 설비 설치방법 및 고려사항 설명,8. 법규/설계,홈네트워크 설비 설치기준,하
125,2,6,GIS(가스절연개폐장치) 예방진단기술(부분방전/누설전류 등) 설명,3. 수배전 설비,GIS 예방진단 부분방전 UHF,상
125,3,1,변전소 메쉬접지 보폭전압/접촉전압 개념 및 저감대책 설명,6. KEC/접지/방재,메쉬접지 보폭전압 접촉전압,상
125,3,2,계기용 변류기(CT) 과전류강도/부담 및 ZCT 실드 접지선 관통 여부,3. 수배전 설비,CT 과전류강도 ZCT 실드접지,상
125,3,3,역률개선용 콘덴서 사고 형태별 보호방식 및 내부소자 보호,3. 수배전 설비,콘덴서 보호방식 내부소자 보호,중
125,3,4,교량 경관조명 계획 시 고려사항 및 형식별 분류 설명,4. 부하 설비,교량 경관조명 조명계획,하
125,3,5,방폭장소 및 클린룸에 설치하는 조명기구에 대하여 설명,4. 부하 설비,방폭조명 클린룸 조명기구,중
125,3,6,태양광발전 시스템의 설계 조건 및 검토 사항 설명,5. 신재생/신기술,태양광 시스템 설계조건 검토사항,중
125,4,1,LAN용 Twisted Pair Cable 전자파 차단원리 및 차폐종류 비교,8. 법규/설계,LAN 케이블 STP UTP 차폐원리,중
125,4,2,태양광발전설비 직류 지락차단장치의 시설방법 설명,5. 신재생/신기술,태양광 직류지락차단장치 RCM,상
125,4,3,건축화조명 방식(코브/코니스/밸런스 등)에 대하여 설명,4. 부하 설비,건축화조명 방식 종류,하
125,4,4,엘리베이터 안전장치 종류 및 설계/시공 시 고려사항 설명,4. 부하 설비,엘리베이터 안전장치 설계고려사항,중
125,4,5,연료전지의 발전원리와 재료 및 시스템 구성 설명,5. 신재생/신기술,연료전지 발전원리 시스템구성,중
125,4,6,동상 케이블 병렬 배선 시 이상 현상 및 전류 불평형 방지 대책,3. 수배전 설비,병렬케이블 전류불평형 방지대책,상
126,1,1,KEC 보호도체 단면적 선정 방법 설명,6. KEC/접지/방재,KEC 보호도체 단면적 산정식,중
126,1,2,합성수지관공사 이중천장 및 벽체 내 시설 KEC 개정 사유 및 내용,6. KEC/접지/방재,합성수지관공사 개정 KEC,하
126,1,3,비상콘센트설비의 전원회로 설치기준 설명,6. KEC/접지/방재,비상콘센트 전원회로 설치기준,하
126,1,4,전압강하와 전압변동률 비교 설명,1. 기초 이론,전압강하 전압변동률 비교,하
126,1,5,색온도와 조도가 인체에 미치는 느낌 설명,4. 부하 설비,색온도 조도 쾌적도,하
126,1,6,변압기의 절연방식(전절연 단절연 저감절연 균등절연),3. 수배전 설비,변압기 절연방식 단절연,중
126,1,7,정전압원과 정전류원의 정의 및 특징 설명,1. 기초 이론,정전압원 정전류원 회로이론,하
126,1,8,동기발전기의 전기자반작용 현상 설명,3. 수배전 설비,전기자반작용 감자교차 작용,중
126,1,9,주택용 및 산업용 MCCB KEC 기반 비교 설명,3. 수배전 설비,KEC MCCB 규격 비교,중
126,1,10,역률 개선 시 발생하는 자기여자현상 원인 및 대책,3. 수배전 설비,콘덴서 자기여자현상 잔류전압,상
126,1,11,직류 차단기 소호 방식 및 특징 설명,3. 수배전 설비,DC 차단기 소호방식,상
126,1,12,건물 에너지 효율등급 인증제도 및 제로에너지건축물 인증,7. 에너지/진단,에너지효율등급 제로에너지건축물,중
126,1,13,스마트시티(Smart City)의 개념 및 주요 기술 설명,5. 신재생/신기술,스마트시티 ICT 융합기술,하
126,2,1,분산형 전원 한전 계통 연계 시 보호협조 및 전력품질 영향,5. 신재생/신기술,분산형전원 계통연계 보호협조,상
126,2,2,수배전반 설계 시 열화 원인 및 예방진단 기술 설명,3. 수배전 설비,수배전반 열화 예방진단기술,중
126,2,3,전력 계통 중성점 접지 방식별 비교 및 특징 설명,2. 전력 계통,중성점 접지방식 비교 지락전류,중
126,2,4,BIM을 활용한 건축전기설비 설계 및 유지관리 효율성,8. 법규/설계,BIM 설계 공사효율화,중
126,2,5,공동주택 전력 간선 설계 시 수용률 산정 및 굵기 결정 방법,3. 수배전 설비,공동주택 간선설계 수용률 산정,중
126,2,6,전기저장장치(ESS) 화재 원인 분석 및 KEC 안전 기준,5. 신재생/신기술,ESS 화재대책 KEC 안전기준,상
126,3,1,대지저항률에 영향을 미치는 요인 및 측정 방법 설명,6. KEC/접지/방재,대지저항률 측정 웨너4전극법,중
126,3,2,연료전지의 발전 원리 및 종류 특징 설명,5. 신재생/신기술,연료전지 발전원리 PAFC SOFC,중
126,3,3,F1 F2 지점 3상 단락사고 시 단락전류 계산 및 차단기 용량 선정,2. 전력 계통,단락전류 계산 차단용량 선정,상
126,3,4,전기자동차 충전시설 설치 설계도서 작성 시 고려사항,5. 신재생/신기술,EV 충전인프라 설계지침,중
126,3,5,조명 설비 설계 시 에너지 절약 대책 및 제어 방법 설명,4. 부하 설비,조명 에너지절약 조광제어,하
126,3,6,변압기 병렬 운전 조건 및 불일치 시 영향 설명,3. 수배전 설비,변압기 병렬운전 순환전류,중
126,4,1,서지보호장치(SPD)의 선정 및 설치 방법(KEC 기준),6. KEC/접지/방재,SPD 선정기준 KEC 설치방법,중
126,4,2,유도전동기 기동 방식 종류 및 장단점 비교 설명,4. 부하 설비,유도전동기 기동법 비교,하
126,4,3,전기 설비의 내진 설계 및 방진 대책 설명,6. KEC/접지/방재,전기설비 내진설계 면진대책,중
126,4,4,데이터센터(Data Center) 전력 공급 시스템 신뢰도 향상 방안,8. 법규/설계,데이터센터 이중화 시스템 신뢰도,상
126,4,5,KEC에 따른 저압 전로의 절연 저항 및 내압 시험 기준,6. KEC/접지/방재,KEC 절연저항 시험전압,중
126,4,6,스마트 그리드(Smart Grid) 구성 요소 및 기대 효과 설명,5. 신재생/신기술,스마트그리드 지능형 전력망,중
127,1,1,조명 설계 시 고려되는 균제도(Uniformity Ratio) 설명,4. 부하 설비,균제도 조도분포,하
127,1,2,수용가 전력설비 계획 시 수용률 부등률 부하율 계산식 및 변압기 용량 결정 과정,3. 수배전 설비,변압기 용량결정 수용률 부등률,중
127,1,3,비상용 승강기가 가져야 할 안전장치 설명,4. 부하 설비,비상용 승강기 안전장치,하
127,1,4,변전설비 설계 시 변압기 2차 측의 이중모선 방식 설명,3. 수배전 설비,이중모선 방식 모선보호,중
127,1,5,분산형 전원을 저압계통 연계 시 직류유출방지 기준 및 제한 값 비교,5. 신재생/신기술,직류유출방지 계통연계기준,상
127,1,6,KEC에 따른 접지시스템의 구분(계통접지 보호접지 피뢰시스템접지) 설명,6. KEC/접지/방재,KEC 접지시스템 구분,중
127,1,7,서지보호장치(SPD)의 정격전압과 최대연속사용전압(Uc) 설명,6. KEC/접지/방재,SPD Uc 정격전압,중
127,1,8,고압 및 특고압 전로의 절연내력시험 전압 기준 설명,3. 수배전 설비,절연내력시험 전압기준,하
127,1,9,동기발전기의 병렬운전 조건 및 불일치 시 나타나는 현상,3. 수배전 설비,발전기 병렬운전 동기화전류,상
127,1,10,전기설비의 방폭구조 중 내압방폭구조와 본질안전방폭구조 비교,6. KEC/접지/방재,내압방폭 본질안전방폭,중
127,1,11,공동주택의 화재보호용 아크차단기(AFCI) 설치기준 및 필요성,6. KEC/접지/방재,아크차단기 AFCI 전기화재,상
127,1,12,건물 에너지 효율 향상을 위한 에너지관리시스템(EMS) 구성 및 기능,7. 에너지/진단,BEMS EMS 에너지효율,하
127,1,13,스마트 그리드(Smart Grid) 핵심기술 중 원격검침인프라(AMI) 설명,5. 신재생/신기술,AMI 스마트그리드 양방향통신,중
127,2,1,전력 계통 고장전류 계산 시 %Z법과 Ohms법 비교 및 계산 사례,2. 전력 계통,%Z법 옴법 고장계산,상
127,2,2,무부하 동기발전기 1선 지락 시 고장전류 및 단자전압 계산(대칭좌표법),2. 전력 계통,대칭좌표법 1선지락계산,상
127,2,3,수배전반 설계 시 전력용 콘덴서 및 직렬리액터 용량 선정 방법,3. 수배전 설비,진상콘덴서 직렬리액터 용량산정,중
127,2,4,건축물 전기설비의 내진 설계 기준 및 기기별 고정 방법 설명,6. KEC/접지/방재,내진설계 가속도계수 고정대책,중
127,2,5,조명 설비 설계 시 에너지 절약형 광원 및 제어 시스템 적용 방안,4. 부하 설비,조명 에너지절약 고효율기기,하
127,2,6,KEC 기반 저압 전로의 과전류 보호 설계 및 차단기 선정 방법,6. KEC/접지/방재,KEC 과전류보호 차단기선정,상
127,3,1,단락전류 계산방법과 단락전류 억제 대책(계통 분할 한류리액터 등),2. 전력 계통,단락전류 억제대책 한류리액터,중
127,3,2,전기저장장치(ESS)의 구성 요소 및 전력 계통 활용 분야별 효과,5. 신재생/신기술,ESS 계통활용 피크컷,중
127,3,3,전력용 변압기의 효율 관리 및 부하율에 따른 손실 최소화 운영 방안,3. 수배전 설비,변압기 효율관리 부하율최적화,상
127,3,4,전기자동차 충전시설 설치 시 화재 안전 대책 및 KEC 시설 기준,5. 신재생/신기술,EV 충전시설 화재안전 KEC,중
127,3,5,공동주택 세대 내 지능형 홈네트워크 설비 설치 및 기술 기준 설명,8. 법규/설계,홈네트워크 설치기준 월패드,하
127,3,6,보호계전 시스템의 보호 협조 원칙 및 변압기-차단기 간 보호 협조,3. 수배전 설비,보호협조 선택차단 정정한도,상
127,4,1,접지 시스템 설계 시 대지저항률 측정 및 접지저항 계산식 유도,6. KEC/접지/방재,접지저항 유도식 대지저항률,상
127,4,2,연료전지의 발전 원리 종류별 특징 및 건축물 적용 시 고려사항,5. 신재생/신기술,연료전지 원리 PAFC SOFC,중
127,4,3,수변전실 위치 선정 시 건축/전기/환경적 고려사항 및 면적 산정,8. 법규/설계,수변전실 위치선정 면적결정,중
127,4,4,전력 케이블의 열화 원인 및 진단 방법(VLF 유전正接 등),3. 수배전 설비,케이블 열화진단 VLF 절연진단,상
127,4,5,조명 설계 시 눈부심(Glare) 종류 및 평가 지수(UGR) 설명,4. 부하 설비,글레어 평가 UGR 눈부심대책,중
127,4,6,데이터센터(Data Center) 전력 공급 신뢰도 지표(Tier) 및 이중화 구성,8. 법규/설계,데이터센터 Tier 인증 이중화,상
128,1,1,R-L-C 직렬 회로 최대 전류 시 각 소자 전압 및 소비전력 계산,1. 기초 이론,R-L-C 직렬공진 전력계산,상
128,1,2,환류 다이오드(Free Wheeling Diode) 정의 및 목적 적용효과,1. 기초 이론,환류 다이오드 역기전력 방지,중
128,1,3,비상조명등 설치 시 고려사항 설명,4. 부하 설비,비상조명등 화재안전기준,하
128,1,4,KS C IEC 60449에 의한 건축전기설비 전압밴드 설명,8. 법규/설계,전압밴드 Voltage Band,하
128,1,5,전력퓨즈 역할/종류 및 변압기 과부하보호장치 적용 비교,3. 수배전 설비,전력퓨즈 PF 변압기 보호,중
128,1,6,건축물 전기설비 외함 보호등급(IP) 및 시험방법,8. 법규/설계,IP 등급 외함보호시험,중
128,1,7,전선로의 정전용량(작용/선간/대지 정전용량) 설명,1. 기초 이론,작용 정전용량 선간 대지,중
128,1,8,접지시스템 구성요소(접지극 보호도체 등) 용어 설명,6. KEC/접지/방재,KEC 접지시스템 용어,하
128,1,9,고압 및 특고압 전로 절연내력시험 전압 기준,6. KEC/접지/방재,절연내력시험 시험전압,하
128,1,10,전기설비 안전등급 지정기준 및 등급별 시설상태,8. 법규/설계,전기설비 안전등급 관리,중
128,1,11,이차전지 이용 ESS 제어 및 보호장치 시설기준,5. 신재생/신기술,ESS 보호장치 시설기준,상
128,1,12,수소연료전지 발전원리 및 구성요소 특징 설명,5. 신재생/신기술,연료전지 발전원리 SOFC,중
128,1,13,스마트 그리드(Smart Grid) 구성요소 및 기대효과,5. 신재생/신기술,스마트그리드 지능형 전력망,하
128,2,1,건축물 수변전실 위치선정 및 건축/환경/전기적 고려사항,8. 법규/설계,수변전실 위치선정 면적결정,중
128,2,2,송전단 전압 및 선로 임피던스에 따른 수전단 전압 계산,2. 전력 계통,전압강하 계산 전압변동률,상
128,2,3,전력용 콘덴서 보호 방식(내부/외부 소자 보호),3. 수배전 설비,콘덴서 보호방식 NVS 방식,중
128,2,4,분산형전원 계통 연계 시 보호협조 및 전력품질 영향,5. 신재생/신기술,분산형전원 계통연계 보호협조,상
128,2,5,공동주택 전력간선 설계 시 부하산정 및 수용률 적용,3. 수배전 설비,공동주택 부하산정 수용률,중
128,2,6,전기설비 내진설계 및 면진/제진 시스템 설명,6. KEC/접지/방재,내진설계 면진 제진 대책,중
128,3,1,조도계산 시 광속법과 점광원/선광원/면광원 계산방법,4. 부하 설비,조도계산 광속법 축차계산법,중
128,3,2,건물 에너지 효율 향상을 위한 BEMS 구성 및 기능,7. 에너지/진단,BEMS 건물에너지관리시스템,하
128,3,3,전력용 변압기 손실(무부하손 부하손) 및 효율 관리 방안,3. 수배전 설비,변압기 손실 부하율 최적화,중
128,3,4,전기자동차 충전시설 설치 시 화재안전기준 및 시설방법,5. 신재생/신기술,EV 충전시설 화재대책 KEC,중
128,3,5,저압 모선 사고 시 1선 지락 및 3상 단락전류 계산,2. 전력 계통,고장전류 계산 %Z법 고장점전류,상
128,3,6,대칭 좌표법을 이용한 발전기 기본식 유도,1. 기초 이론,대칭좌표법 발전기 기본식,상
128,4,1,접지 시스템 설계 시 대지저항률 측정 및 접지저항 산출 유도,6. KEC/접지/방재,대지저항률 웨너4전극법 유도,상
128,4,2,연료전지 종류별 특징 및 건축물 적용 시 고려사항,5. 신재생/신기술,연료전지 PAFC SOFC 건축적용,중
128,4,3,수변전 설비 예방진단 기술 및 예방보전 체계 설명,3. 수배전 설비,수배전반 예방진단 RCM,상
128,4,4,전력 케이블의 수트리(Water Tree) 현상 및 진단 대책,3. 수배전 설비,XLPE 케이블 수트리 진단,중
128,4,5,조명 설계 시 눈부심(Glare) 평가 지수 및 저감 대책,4. 부하 설비,글레어 평가 UGR 눈부심방지,중
128,4,6,데이터센터(Data Center) 전력 공급 신뢰도 등급 및 이중화,8. 법규/설계,데이터센터 Tier 인증 시스템신뢰도,상
129,1,1,R-L-C 직렬회로의 직렬공진 정의 및 전압확대율 설명,1. 기초 이론,직렬공진 전압확대율 Q,중
129,1,2,무한히 긴 직선 도선 전류 I에 의한 자계의 세기 H 계산(암페어 법칙),1. 기초 이론,앙페르 법칙 자계의세기,중
129,1,3,초고층 빌딩 엘리베이터 대기시간 단축 설계 및 군관리 방식,4. 부하 설비,엘리베이터 군관리 대기시간,하
129,1,4,피뢰기를 피보호기기에 가까이 설치해야 하는 이유(수식 포함),3. 수배전 설비,피뢰기 이격거리 제한전압,상
129,1,5,고압차단기 정격차단전류(Isc)와 정격투입전류(Ip)의 관계(2.6배 이유),3. 수배전 설비,정격투입전류 비대칭계수,상
129,1,6,변류기(CT)의 이상현상 중 직류분 전류에 의한 영향 설명,3. 수배전 설비,CT 자기포화 직류오차,상
129,1,7,KEC에 따른 지중전선로의 매설방법 및 시설기준 설명,6. KEC/접지/방재,지중전선로 매설방법 KEC,하
129,1,8,교류회로에서 전선의 병렬 사용 시 시공 및 접속방법,3. 수배전 설비,병렬전선 포설방법 전류불평형,중
129,1,9,대칭좌표법에서 발전기의 기본식 유도 및 벡터도 설명,1. 기초 이론,대칭좌표법 발전기 기본식,상
129,1,10,전기설비의 방폭구조 중 본질안전방폭과 내압방폭 비교,6. KEC/접지/방재,본질안전방폭 내압방폭,중
129,1,11,전기자동차 충전시설의 안전장치 및 화재안전기준 설명,5. 신재생/신기술,EV 충전시설 화재대책,중
129,1,12,건물 에너지 효율 향상을 위한 BEMS의 기능 및 효과,7. 에너지/진단,BEMS 에너지효율화,하
129,1,13,스마트 그리드(Smart Grid)의 주요 구성 기술 및 서비스 설명,5. 신재생/신기술,스마트그리드 지능형전력망,하
129,2,1,수변전설비 계획 시 변압기 용량 산정 방법 및 부하 특성 고려사항,3. 수배전 설비,변압기 용량산정 수용률,중
129,2,2,"단락전류 계산의 목적과 계산 방법(%Z법, Ohms법) 비교 설명)",2. 전력 계통,단락전류 계산 %Z법 옴법,상
129,2,3,전력 계통 중성점 접지 방식별 지락고장 특성 및 보호방식 비교,2. 전력 계통,중성점 접지방식 비교 지락전류,중
129,2,4,건축물 전력 간선 설계 시 선정 기준 및 굵기 결정 절차,3. 수배전 설비,간선 굵기 선정 허용전류,중
129,2,5,조명 설계 시 글레어(Glare) 평가 방법 및 저감 대책 설명,4. 부하 설비,글레어 평가 UGR 눈부심,중
129,2,6,에너지저장장치(ESS)의 구성 요소 및 전력 계통 활용 분야별 장점,5. 신재생/신기술,ESS 시스템구성 계통활용,중
129,3,1,변압기 병렬 운전 조건 및 조건 불일치 시 영향과 대책,3. 수배전 설비,변압기 병렬운전 순환전류,중
129,3,2,분산형 전원 계통 연계 시 단독운전 방지 및 전력품질 영향,5. 신재생/신기술,단독운전 방지 전력품질,상
129,3,3,KEC 기반 접지 시스템의 설계 절차 및 접지저항 산출 유도,6. KEC/접지/방재,접지설계 절차 대지저항률,상
129,3,4,"전기설비 내진 설계 시 기기별(TR, 발전기) 고정 및 방진 대책",6. KEC/접지/방재,전기설비 내진설계 면진대책,중
129,3,5,"연료전지의 발전 원리 및 종류별(PAFC, SOFC 등) 특징 비교",5. 신재생/신기술,연료전지 발전원리 특징,중
129,3,6,데이터센터(Data Center) 전력 공급 신뢰도 지표 및 이중화 구성,8. 법규/설계,데이터센터 Tier 인증 이중화,상
129,4,1,KEC에서 규정하는 감전보호용 등전위본딩 시설 방법 설명,6. KEC/접지/방재,KEC 등전위본딩 감전보호,중
129,4,2,수전설비에서 보호계전기의 정정이 필요한 경우와 정정 방법 설명,3. 수배전 설비,보호계전기 정정 OCR,중
129,4,3,유도장해 현상(정전/전자 유도) 및 전력선/통신선측 대책 설명,2. 전력 계통,정전유도 전자유도 차폐효과,중
129,4,4,케이블 및 버스덕트 단락 시 기계적 강도 계산 및 전자력 영향,3. 수배전 설비,단락전자력 기계적강도 열적용량,상
129,4,5,전자파 적합성(EMC) 시험의 종류 및 대책 기술 설명,8. 법규/설계,EMC 시험 EMI EMS,중
129,4,6,제로에너지건축물 인증제도 정의 및 추진체계 절차 설명,7. 에너지/진단,제로에너지건축물 인증 추진절차,중
130,1,1,접지·절연·도체저항 및 KEC 저압전로 절연저항 기준,6. KEC/접지/방재,절연저항 기준 KEC,하
130,1,2,배광에 따른 조명방식 분류 및 용도,4. 부하 설비,조명방식 배광분류,하
130,1,3,수전 변압기 종류별 기계적 보호장치,3. 수배전 설비,변압기 기계적 보호,중
130,1,4,공동구 전기설비 설계기준(KDS 31 8520),8. 법규/설계,공동구 설계기준,중
130,1,5,케이블 동상 다수조 포설 시 불평형 원인 및 대책,6. KEC/접지/방재,동상 다수조 불평형,중
130,1,6,비상방송설비 3선식 배선 구성 및 설치기준,6. KEC/접지/방재,비상방송 3선식,중
130,1,7,태양광발전 인버터 기능 설명,5. 신재생/신기술,태양광 인버터,하
130,1,8,수변전 ATS와 CTTS 특성 비교,3. 수배전 설비,ATS CTTS 비교,중
130,1,9,발전기실 높이 및 기초 설계기준,3. 수배전 설비,발전기실 설계,하
130,1,10,"전력변환장치(AC-DC, DC-DC 등) 용어 설명",1. 기초 이론,전력변환 방식,하
130,1,11,KEC 기준 수용가설비 전압강하,6. KEC/접지/방재,KEC 전압강하,중
130,1,12,전자파 환경 EMI·EMS·EMC 설명,7. 에너지/진단,EMC 전자파환경,중
130,1,13,퍼킨제 효과 및 비시감도 곡선,4. 부하 설비,퍼킨제 효과 비시감도,상
130,2,1,KEC 기준 회전기·정류기·태양전지 절연내력 시험,6. KEC/접지/방재,절연내력 시험 KEC,중
130,2,2,단거리선로 전압강하 계산 및 벡터도 유도,2. 전력 계통,전압강하 수식유도,상
130,2,3,전력감시제어설비 구성·기능·도입효과,5. 신재생/신기술,전력감시제어,중
130,2,4,자연적 구성부재 활용 피뢰설비(수뢰부·인하도선·접지극),6. KEC/접지/방재,자연적 구성부재 피뢰,상
130,2,5,저압계통 과부하 보호협조 및 시설 위치,6. KEC/접지/방재,과부하 보호협조,중
130,2,6,다이나믹(Dynamic) UPS 시스템 구성 및 특성 비교,3. 수배전 설비,다이나믹 UPS,상
130,3,1,1회선 보호방식과 스폿 네트워크 보호방식 비교,3. 수배전 설비,스폿네트워크 보호,중
130,3,2,지능형 홈네트워크 설비 종류 및 설치방법,5. 신재생/신기술,홈네트워크 설비,중
130,3,3,항공등화 종류 및 2차 전원·전기 시스템,4. 부하 설비,항공등화 전원시스템,상
130,3,4,전력계통 ESS 필요성 및 설치 효과,5. 신재생/신기술,ESS 설치효과,하
130,3,5,고조파 발생원리 및 변압기·회전기 영향 대책,7. 에너지/진단,고조파 기기영향,중
130,3,6,오피스텔 22.9kV 접지설계 순서(IEEE Std 80),6. KEC/접지/방재,접지설계 IEEE 80,상
130,4,1,변압기 효율과 부하율 관계 및 유입·몰드 비교,3. 수배전 설비,변압기 효율 부하율,중
130,4,2,비상콘센트설비 화재안전기준(NFTC/NFPC 504),8. 법규/설계,비상콘센트 화재안전기준,중
130,4,3,리튬이온전지 특징 및 전기차 화재 진압 난이도 이유,5. 신재생/신기술,리튬이온전지 화재,상
130,4,4,전원장치 평활회로의 필요성 및 리플 잡음 영향,1. 기초 이론,평활회로 리플잡음,중
130,4,5,전기설비 배전전압·모선방식·배전방식,3. 수배전 설비,배전방식 모선방식,중
130,4,6,전기 방폭설비 위험장소 분류 및 기기 적용,6. KEC/접지/방재,방폭설비 위험장소,상
131,1,1,테브낭의 정리 및 회로 계산(부하전류 구하기),1. 기초 이론,테브낭의 정리 회로해석,상
131,1,2,비접지 국부등전위본딩의 개념,6. KEC/접지/방재,비접지 국부등전위본딩,중
131,1,3,고조파가 전기설비에 미치는 영향 및 저감대책,7. 에너지/진단,고조파 영향 및 대책,중
131,1,4,건축물 간선의 부하별 사용목적에 따른 분류,4. 부하 설비,간선의 분류,하
131,1,5,직렬 리액터 설치 시 콘덴서 단자 전압 상승현상,3. 수배전 설비,콘덴서 전압상승 리액터,중
131,1,6,배선용차단기(MCCB) 특징 및 주요 용어 설명,3. 수배전 설비,MCCB 정격 용어,하
131,1,7,케이블트레이 선정 기준(KEC),6. KEC/접지/방재,KEC 케이블트레이 선정,하
131,1,8,LED 면조명 직하방식과 엣지(Edge) 방식 비교,4. 부하 설비,LED 면조명 방식,하
131,1,9,육상 및 수상태양광 설비 비교 및 부유방식,5. 신재생/신기술,수상태양광 부유방식,중
131,1,10,초전도 원리 및 마이스너·조셉슨 효과,1. 기초 이론,초전도 마이스너 효과,상
131,1,11,배터리관리시스템(BMS)의 기능,5. 신재생/신기술,BMS 기능,중
131,1,12,IoT 기반 스마트 조명시스템,5. 신재생/신기술,IoT 스마트조명,중
131,1,13,변압기 병렬운전 시 부하분담 계산,3. 수배전 설비,변압기 부하분담 계산,중
131,2,1,변압기 임피던스 전압이 전기설비에 미치는 영향,3. 수배전 설비,임피던스 전압 영향,중
131,2,2,중성점 직접접지 및 비접지 전로의 지락보호,2. 전력 계통,지락보호 방식,중
131,2,3,K-Factor 및 THDF(변압기 고조파 경감계수),3. 수배전 설비,K-Factor 변압기,상
131,2,4,계기용 변류기 과전류정수 및 기계적 과전류강도,3. 수배전 설비,변류기 과전류강도,중
131,2,5,빌딩 분기선·간선 및 병렬도체 보호장치 설치,3. 수배전 설비,병렬도체 보호,중
131,2,6,주거환경·동식물·천공을 고려한 경관조명 설계,4. 부하 설비,경관조명 환경고려,상
131,3,1,코로나 방전 특성·장해 및 방지 대책,2. 전력 계통,코로나 방전 대책,중
131,3,2,"특별저압(SELV, PELV) 감전보호 요구사항",6. KEC/접지/방재,특별저압 감전보호,상
131,3,3,공동주택 전기자동차 충전설비 설계 시 고려사항,5. 신재생/신기술,전기차 충전설비 설계,중
131,3,4,유도전동기 기동 시 차동기 운전 및 게르게스 현상,4. 부하 설비,게르게스 현상,상
131,3,5,건물에너지관리시스템(BEMS) 개념·구성·기능,5. 신재생/신기술,BEMS 에너지관리,중
131,3,6,자연채광(집광) 시스템의 목적 및 종류,4. 부하 설비,자연채광 시스템,중
131,4,1,3상 농형 및 권선형 유도전동기 속도제어,4. 부하 설비,유도전동기 속도제어,중
131,4,2,무선충전기술 방식(전자유도·자기공명 등) 비교,5. 신재생/신기술,무선충전방식 비교,상
131,4,3,수소 에너지 제조·저장·수송 및 수소연료전지,5. 신재생/신기술,수소연료전지 기술,상
131,4,4,피뢰기 설치 시 전압 투과파 및 저항 R 계산,2. 전력 계통,투과파 저항 계산,상
131,4,5,저압 서지보호장치(SPD) 설치 장소 및 방법,6. KEC/접지/방재,SPD 설치기준,중
131,4,6,"제어용 차폐 케이블(CVV-S, SB) 유도장해 및 접지",7. 에너지/진단,차폐 케이블 접지,상
132,1,1,뇌 보호시스템(LPZ 선정 및 내부피뢰 대책),6. KEC/접지/방재,LPZ 내부피뢰,중
132,1,2,발전기실 선정 시 고려사항(KDS 31 10 21),3. 수배전 설비,발전기실 선정,하
132,1,3,특고압 수전설비 정전 순서 및 안전수칙,3. 수배전 설비,특고압 정전순서,하
132,1,4,수·변전실 전기설비 내진설계 방법,3. 수배전 설비,수변전 내진설계,중
132,1,5,무효전력 정의 및 과·부족 시 문제점과 대책,2. 전력 계통,무효전력 관리,중
132,1,6,고조파 왜형률(THD) 정의 및 역률과의 상관관계,7. 에너지/진단,THD 역률관계,중
132,1,7,보호계전기 신뢰도 향상 및 오동작 방지조건,3. 수배전 설비,보호계전기 오동작,중
132,1,8,배전 선로 전력손실률 및 승압 시 송전거리에 미치는 영향,2. 전력 계통,배전선로 승압,상
132,1,9,동기전동기의 구조 및 장단점,4. 부하 설비,동기전동기 특징,하
132,1,10,글레어(Glare) 평가방법 2가지 이상 설명,4. 부하 설비,글레어 평가,중
132,1,11,수중조명등 시설기준(KEC),6. KEC/접지/방재,수중조명등 KEC,중
132,1,12,풍력발전시스템 출력계수·주속비 의미 및 계산,5. 신재생/신기술,풍력발전 계산,상
132,1,13,감리원 배치 현황 및 변경 신고 제출서류,8. 법규/설계,감리원 배치신고,하
132,2,1,간이수전설비와 정식수전설비 비교(단선도 및 특징),3. 수배전 설비,수전설비 비교,중
132,2,2,전력설비(수변전·조명·동력) 에너지 절감 방안,7. 에너지/진단,전력설비 에너지절감,중
132,2,3,엘리베이터 설치대수 산정 및 설계 고려사항,4. 부하 설비,엘리베이터 대수산정,상
132,2,4,정전계·정자계 대응관계 및 전자기파 발생이론,1. 기초 이론,전자기파 이론,상
132,2,5,전력케이블 차폐층 역할 및 접지방식,3. 수배전 설비,케이블 차폐층접지,중
132,2,6,온도방사 3법칙 및 파센의 법칙·페닝 효과,1. 기초 이론,온도방사 파센법칙,상
132,3,1,영상전류 검출방식(잔류회로·3권선·ZCT·SGR),3. 수배전 설비,영상전류 검출,상
132,3,2,축전지 설치목적 및 용량 산정 방식,3. 수배전 설비,축전지 용량산정,하
132,3,3,U-City와 Smart-City 개념 비교 및 연계서비스,5. 신재생/신기술,스마트시티 통합플랫폼,상
132,4,4,암페어의 주회적분법칙 및 자계의 세기 유도,1. 기초 이론,주회적분법칙 자계유도,중
132,4,5,배선설비 허용전류 선정 시 고려사항(KEC),6. KEC/접지/방재,KEC 허용전류,중
132,4,6,전동기 제동 목적 및 전기적 제동 방법,4. 부하 설비,전동기 제동방법,중
132,4,1,전력케이블 충전전류 발생원인·영향·대책,2. 전력 계통,케이블 충전전류,상
132,4,2,전기방식 부식 메커니즘 및 종류,7. 에너지/진단,전기방식 부식방지,상
132,4,3,아라고 원판 회전원리 및 3상 유도전동기 회전자계,4. 부하 설비,아라고원판 회전자계,중
132,4,4,태양광발전설비 직류 전로 지락차단장치 시설방법,5. 신재생/신기술,태양광 지락차단,중
132,4,5,의료장소 보호설비와 접지설비,6. KEC/접지/방재,의료장소 접지,상
132,4,6,전력용 콘덴서 설치목적·문제점·고조파 대책,3. 수배전 설비,콘덴서 고조파억제,중
133,1,1,구내 유선망 LAN 구성요소 및 설계 고려사항,5. 신재생/신기술,LAN 설계,중
133,1,2,저압용 과전류 보호장치의 종류와 특성,3. 수배전 설비,과전류 보호장치,하
133,1,3,수동필터와 능동필터 특징 비교,7. 에너지/진단,고조파 필터 비교,중
133,1,4,TN-S계통과 TT계통의 고장전류 및 뇌서지 비교,6. KEC/접지/방재,접지계통 비교,중
133,1,5,전기재료 고유특성(유전율·투자율·전도율),1. 기초 이론,재료 고유특성,하
133,1,6,ESS 시설기준 및 전용건물 외 시설 고려사항(KEC),6. KEC/접지/방재,KEC ESS 시설기준,중
133,1,7,3상 유도전동기 Y-△ 및 기동보상기 기동방식,4. 부하 설비,유도전동기 기동방식,하
133,1,8,노이즈 방지용 변압기 종류·구조·특징,3. 수배전 설비,노이즈 방지 변압기,중
133,1,9,무정전전원장치(UPS) 용량 설계 시 고려사항,3. 수배전 설비,UPS 용량 설계,중
133,1,10,버스덕트시스템 특징 및 공사 시 유의사항,3. 수배전 설비,버스덕트 시스템,하
133,1,11,비상용 엘리베이터 특징 및 설치 기준(건축법),4. 부하 설비,비상용 엘리베이터,중
133,1,12,조명용어(휘도·순응·연색성) 설명,4. 부하 설비,조명용어,하
133,1,13,전기회로와 자기회로의 대응성,1. 기초 이론,자기회로 대응성,중
133,2,1,계기용 변성기 종류 및 특성,3. 수배전 설비,계기용 변성기,중
133,2,2,전력용 콘덴서 역률 개선 효과 및 주의사항,3. 수배전 설비,콘덴서 역률개선,하
133,2,3,초고층 빌딩 화재 시 엘리베이터 피난 및 안전장치,4. 부하 설비,초고층 피난 엘리베이터,상
133,2,4,변압기 단락강도 시험 및 대칭단락전류 계산(ANSI/IEC),3. 수배전 설비,단락강도 시험,상
133,2,5,전원의 자동차단 보호대책 중 IT계통(KEC),6. KEC/접지/방재,KEC IT계통 보호,중
133,2,6,단상 유도전동기 원리 및 기동 방법,4. 부하 설비,단상 유도전동기,중
133,3,1,서지보호장치(SPD) 분류·외부분리기·접지방식 차이,6. KEC/접지/방재,SPD 접지방식,상
133,3,2,지중케이블 열화요인 및 저압전로 절연성능기준,2. 전력 계통,지중케이블 열화,중
133,3,3,배전설비 설계 흐름도 및 각 항목 고려사항,3. 수배전 설비,배전설비 설계흐름,중
133,3,4,교류 저압배전방식 종류 및 특징 비교,3. 수배전 설비,저압배전방식,중
133,3,5,순시전압강하(Sag)·순시정전·플리커 영향 및 대책,7. 에너지/진단,전력품질 저해현상,상
133,3,6,변압기 손실 종류·저감대책 및 효율,3. 수배전 설비,변압기 손실저감,중
133,4,1,눈부심(Glare) 원인과 종류,4. 부하 설비,눈부심 종류,하
133,4,2,태양광용 인버터 회로 방식 및 기능,5. 신재생/신기술,태양광 인버터 기능,중
133,4,3,전기자동차 전원·충전장치 및 방호장치 시설기준(KEC),5. 신재생/신기술,KEC 전기차 시설기준,상
133,4,4,침입 발견설비의 종류·시설조건 및 검출기 특징,5. 신재생/신기술,침입 발견설비,상
133,4,5,변전실 설계 고려사항·배치방식·면적 산출,3. 수배전 설비,변전실 면적산출,중
133,4,6,IBS(Intelligent Building System) 의미·구성·효과,5. 신재생/신기술,IBS 지능형빌딩,중
134,1,1,조명용어 중 연색성과 색온도,4. 부하 설비,연색성·색온도,하
134,1,2,직렬리액터 설치 시 문제점 및 대책,3. 수배전 설비,직렬리액터,중
134,1,3,상주 및 비상주 감리원의 업무와 권한,8. 법규/설계,감리원 업무권한,하
134,1,4,R-L 직렬회로 과도현상 해석(미분방정식·라플라스),1. 기초 이론,RL직렬회로 과도현상,중
134,1,5,ZnO형 피뢰기의 열폭주 현상,6. KEC/접지/방재,피뢰기 열폭주,중
134,1,6,지능형 전력계량시스템(AMI) 구성 및 효과,5. 신재생/신기술,AMI 원격검침,중
134,1,7,UPS와 BESS의 비교(설치목적·구성·원리),5. 신재생/신기술,UPS BESS 비교,중
134,1,8,비상용 디젤발전기의 정격출력 3가지,3. 수배전 설비,발전기 정격출력,중
134,1,9,SPD 시설방법 및 등급별 최소 단면적,6. KEC/접지/방재,SPD 단면적,중
134,1,10,수평트레이 케이블 포설 시설기준(KEC),6. KEC/접지/방재,케이블트레이 KEC,하
134,1,11,"보호등급(IK, IP) 및 전기차 충전장치 적용",6. KEC/접지/방재,IK·IP 등급,중
134,1,12,내진 면진 및 제진의 정의,8. 법규/설계,내진설계 정의,하
134,1,13,터널조명 글레어 제한과 플리커효과 규제,4. 부하 설비,터널조명 규제,상
134,2,1,BLDC 전동기 원리·구조·속도제어,4. 부하 설비,BLDC 전동기,중
134,2,2,인체 감전보호 등 안전을 위한 보호(KEC 113),6. KEC/접지/방재,감전보호 KEC,중
134,2,3,소방시설용 특고압·고압 비상전원 수전설비 기준,8. 법규/설계,소방비상전원 수전,상
134,2,4,병원시설의 의료용 접지 및 수술용 접지,6. KEC/접지/방재,의료용 접지,상
134,2,5,공간 제약을 고려한 태양전지 어레이 설치 방법,5. 신재생/신기술,태양전지 어레이,중
134,2,6,승객용 엘리베이터 교통계획 및 대수 산출,4. 부하 설비,엘리베이터 대수산출,상
134,3,1,단락용량 증대 시 영향 및 억제 대책,2. 전력 계통,단락용량 억제대책,중
134,3,2,전력퓨즈(PF)의 역할·종류·장단점 및 차단기 비교,3. 수배전 설비,전력퓨즈 특징,중
134,3,3,변위전류와 분극전류 설명,1. 기초 이론,변위전류 분극전류,상
134,3,4,압전에너지 하베스팅 및 압전발전시스템,5. 신재생/신기술,압전에너지 하베스팅,상
134,3,5,동기조상기와 정지형 동기조상기(STATCOM) 비교,2. 전력 계통,STATCOM 조상설비,상
134,3,6,지중케이블의 고장점 추정 방법,2. 전력 계통,케이블 고장점탐지,중
134,4,1,변류기 선정 시 고려사항(포화·과전류강도·정수),3. 수배전 설비,변류기 선정기준,중
134,4,2,저압 배선설비 과전류 보호 및 단면적 선정(KEC),6. KEC/접지/방재,KEC 과전류보호,중
134,4,3,대지 저항률에 영향을 주는 요소,6. KEC/접지/방재,대지저항률 인자,하
134,4,4,지중 금속배관의 부식방지를 위한 전기방식,7. 에너지/진단,전기방식,상
134,4,5,에너지절약설계기준 의무 적용 및 권장사항,8. 법규/설계,에너지절약설계기준,중
134,4,6,연료전지의 구성·분류·특징 및 수소 추출,5. 신재생/신기술,연료전지 수소추출,중
135,1,1,맥스웰 방정식 정의 및 미분형 수식 설명,1. 기초 이론,맥스웰 방정식,상
135,1,2,보호도체 단면적 선정 방법(KEC),6. KEC/접지/방재,보호도체 단면적,중
135,1,3,통신선 유도장해 중 정전유도장해,2. 전력 계통,정전유도장해,중
135,1,4,등전위본딩 분류와 대상(KEC),6. KEC/접지/방재,등전위본딩 KEC,중
135,1,5,부동충전방식 및 정류기 용량 산정,3. 수배전 설비,부동충전 정류기용량,중
135,1,6,정전기의 방전현상 설명,7. 에너지/진단,정전기 방전,중
135,1,7,케이블트렌치공사 시설기준(KEC),6. KEC/접지/방재,케이블트렌치 KEC,하
135,1,8,전기설비 시설 공간(실) 계획(KDS 32 10 11),8. 법규/설계,전기실 계획,중
135,1,9,분산형전원 계통 연계 시 전기품질 요소,5. 신재생/신기술,분산형전원 전기품질,상
135,1,10,풍력발전기 피뢰시스템 구역(LPZ),6. KEC/접지/방재,풍력발전 LPZ,상
135,1,11,비상전원 수전설비 화재안전성능기준(NFPC 602),8. 법규/설계,비상전원 결선방법,상
135,1,12,구내통신실 공간 선정 고려사항 및 확보기준,5. 신재생/신기술,구내통신실 면적,중
135,1,13,광도·휘도·조도·광속발산도 비교 설명,4. 부하 설비,조명 용어 비교,하
135,2,1,동심중성선케이블(CNCV)의 구조와 특성,3. 수배전 설비,CNCV 케이블,중
135,2,2,외부 피뢰시스템(LPS) 수뢰부 선정 방법,6. KEC/접지/방재,회전구체법 메쉬법,중
135,2,3,분기회로 차단기 정격 선정 시 고려 사항,3. 수배전 설비,분기회로 차단기,중
135,2,4,전기차 충전장치 시설기준 및 강도기준(IK08),5. 신재생/신기술,전기차 충전장치,상
135,2,5,문화재 및 보호구역 야간조명 설계기준,4. 부하 설비,문화재 야간조명,상
135,2,6,저압회로 F1점 3상 단락전류 계산(퍼센트 임피던스법),2. 전력 계통,단락전류 계산,상
135,3,1,스폿네트워크(SPOT Network) 수전 방식,3. 수배전 설비,스폿네트워크,중
135,3,2,자가발전설비 용량산정 방법(KDS 32 2020),3. 수배전 설비,자가발전 용량산정,중
135,3,3,전기회로와 자기회로의 대응 관계 및 차이점,1. 기초 이론,자기회로 대응성,중
135,3,4,옥내조명설비 선정·배치·설계순서(KDS 32 30 10),4. 부하 설비,옥내조명 설계순서,하
135,3,5,태양광 발전설비 변환효율 및 지락 차단 장치,5. 신재생/신기술,태양광 지락차단,중
135,3,6,도로 가로등 설계 시 고려사항,4. 부하 설비,가로등 설계,중
135,4,1,변압기 병렬운전(조건 상이 시 영향 및 통합운전),3. 수배전 설비,변압기 병렬운전,중
135,4,2,분산형전원 계통 연계(단독운전 및 운전 지속시간),5. 신재생/신기술,분산형전원 연계,상
135,4,3,종합정보 통신망(ISDN) 개념 및 특징,5. 신재생/신기술,ISDN 통신망,상
135,4,4,공사감리업무 수행지침(기성·준공·예비준공검사),8. 법규/설계,감리 준공검사,중
135,4,5,파이프·도로·주차장 발열선 시설기준,4. 부하 설비,발열선 시설기준,중
135,4,6,제로에너지 건축물(ZEB) 정의 및 자립률 인센티브,5. 신재생/신기술,ZEB 에너지자립률,상
136,1,1,직류선로 전압강하율·변동률·손실률 수식 증명,1. 기초 이론,직류선로 수식,중
136,1,2,수배전 보호계전시스템(목적·기능·방식),3. 수배전 설비,보호계전기,중
136,1,3,고조파가 전동기에 미치는 영향(유도전동기 전압계수),7. 에너지/진단,고조파 전동기 영향,상
136,1,4,케이블 트렁킹 및 덕팅 시스템 비교(KEC),6. KEC/접지/방재,KEC 배선설비,중
136,1,5,송전 및 배전계통 안정도 향상대책,2. 전력 계통,계통 안정도,중
136,1,6,전기온상의 시설기준(KEC 241.5),6. KEC/접지/방재,KEC 전기온상,하
136,1,7,루미네선스 광원의 페닝 효과,4. 부하 설비,페닝 효과,상
136,1,8,ESS 시설기준 및 제외대상 건축물,5. 신재생/신기술,ESS 시설기준,중
136,1,9,축전지의 자기방전 현상,3. 수배전 설비,축전지 자기방전,하
136,1,10,전기 샤프트(ES) 고려사항(건축·환경·전기),8. 법규/설계,전기 샤프트 설계,중
136,1,11,전동기 제동 방법(전기적 제동),4. 부하 설비,전동기 제동,중
136,1,12,발전기 용량 산출 고려사항 및 부하 종류,3. 수배전 설비,발전기 용량산정,중
136,1,13,차단기 TRIP 방식(과전류·직류·부족전압·콘덴서),3. 수배전 설비,차단기 트립방식,하
136,2,1,건축전기설비 내진설계(대상·개념·흐름도),8. 법규/설계,내진설계,상
136,2,2,전기설비 재해원인 및 대책,7. 에너지/진단,전기재해,중
136,2,3,수변전설비 설계 순서도(KDS 32 2010),3. 수배전 설비,수변전 설계순서,중
136,2,4,디젤엔진 비상발전기 보호계전방식,3. 수배전 설비,발전기 보호계전,중
136,2,5,IGBT 특성·구동회로 및 데드타임(Dead Time),1. 기초 이론,IGBT 인버터,상
136,2,6,발전기 병렬운전 조건 및 대책,3. 수배전 설비,발전기 병렬운전,중
136,3,1,주차관제 루프코일 방식 및 배선 설계,5. 신재생/신기술,주차관제 루프코일,상
136,3,2,전선 병렬 접속 시 불평형 원인 및 대책(KEC),6. KEC/접지/방재,KEC 전선병렬접속,중
136,3,3,ASS와 변전소 차단기·리클로저 동작 협조,2. 전력 계통,보호협조 ASS,상
136,3,4,케이블 화재 원인 및 방지 대책,7. 에너지/진단,케이블 화재,중
136,3,5,건축물 에너지절약설계기준(전기부문),8. 법규/설계,에너지절약설계기준,중
136,3,6,이차전지(리튬·나트륨) 시설기준(KEC),5. 신재생/신기술,KEC 이차전지,상
136,4,1,지능형 전력망(Smart Grid) 구성 및 특징,5. 신재생/신기술,스마트그리드,중
136,4,2,건축물 경관 조명 설계 고려사항,4. 부하 설비,경관 조명,중
136,4,3,대지저항률 영향요인 및 접지저항 이론식 유도,6. KEC/접지/방재,접지저항 유도식,상
136,4,4,건축물 정전기 원인·영향·대책,7. 에너지/진단,정전기 대책,중
136,4,5,비상용 예비전원 조건 및 발전기 용량산정(KEC/KDS),3. 수배전 설비,예비전원 용량산정,중
136,4,6,전기자동차 전원공급설비 및 저압전로 시설기준,5. 신재생/신기술,전기차 충전설비,중
137,1,1,R-L-C 직렬회로(공진 조건 및 에너지),1. 기초 이론,RLC 직렬공진,하
137,1,2,수용률·부등률·부하율 및 변압기 용량 산정,3. 수배전 설비,변압기 용량 산정,하
137,1,3,축전지 충전방식(초기 및 사용 중),3. 수배전 설비,축전지 충전방식,중
137,1,4,변압기 절연의 종류,3. 수배전 설비,변압기 절연,하
137,1,5,변류기 과전류 정수·비오차 및 계산,3. 수배전 설비,CT 비오차 계산,중
137,1,6,접지도면 작성 내용 및 도체 굵기 산정식,6. KEC/접지/방재,접지도체 굵기,중
137,1,7,케이블 손실의 종류와 영향 및 대책,3. 수배전 설비,케이블 손실,중
137,1,8,조도 측정 방법과 측정 시 주의 사항,4. 부하 설비,조도 측정,하
137,1,9,외함의 밀폐 보호 등급(IP코드),6. KEC/접지/방재,IP코드 외함보호,하
137,1,10,전기울타리 시설 및 접지기준(KEC),6. KEC/접지/방재,전기울타리 KEC,중
137,1,11,공사중지 명령의 종류와 적용 기준,8. 법규/설계,감리 공사중지명령,중
137,1,12,항공장애 표시등의 종류와 성능,4. 부하 설비,항공장애 표시등,상
137,1,13,등전위본딩 역할 및 비접지 국부등전위본딩,6. KEC/접지/방재,등전위본딩,중
137,2,1,건축물 수변전설비 설계순서 및 고려사항,3. 수배전 설비,수변전 설계순서,중
137,2,2,전력용 커패시터 역률 과보상 현상 및 대책,3. 수배전 설비,역률 과보상,중
137,2,3,저압 차단기 정격 선정 시 고려 사항,3. 수배전 설비,저압차단기 선정,중
137,2,4,전력케이블 열화 원인 및 대책,3. 수배전 설비,케이블 열화,중
137,2,5,빌딩 주차관제설비(차체검지기 및 성능),5. 신재생/신기술,주차관제설비,상
137,2,6,LAN 구성 요소 및 채널 액세스 방식,5. 신재생/신기술,LAN 네트워크,중
137,3,1,코로나 현상(임계전압 및 방지 대책),2. 전력 계통,코로나 임계전압,중
137,3,2,축전지 용량 산정 방법,3. 수배전 설비,축전지 용량 계산,중
137,3,3,전기집진장치 시설 및 접지,7. 에너지/진단,전기집진장치,상
137,3,4,빛공해 방지법 및 조명환경관리구역 기준,4. 부하 설비,빛공해 방지법,중
137,3,5,공동주택 범죄예방설계(CPTED) 조명 및 방범,4. 부하 설비,CPTED 범죄예방,상
137,3,6,전력용 커패시터 개폐 시 현상 및 대책,3. 수배전 설비,커패시터 개폐현상,상
137,4,1,지락보호 및 접지계통별 지락차단장치(KEC),6. KEC/접지/방재,지락보호 누전차단기,상
137,4,2,비오-사바르의 법칙 및 원형코일 자계 세기,1. 기초 이론,비오사바르 원형코일,중
137,4,3,농형 유도전동기 속도제어 및 특성곡선,4. 부하 설비,유도전동기 속도제어,중
137,4,4,정전기 발생원인·성질·방전 및 대책,7. 에너지/진단,정전기 장해대책,중
137,4,5,수상태양광 구성 특징 및 시공 고려사항,5. 신재생/신기술,수상태양광,중
137,4,6,VE(Value Engineering) 정의 및 실시 시기,8. 법규/설계,VE 설계경제성,중
138,1,1,직·병렬 운전 시 사고 발생률 및 평균정전시간 계산,2. 전력 계통,신뢰도 계산 사고발생률,상
138,1,2,단위길이당 C 및 L에 따른 서지 임피던스 설명,1. 기초 이론,서지 임피던스 파동임피던스,중
138,1,3,3상 단락전류 계통의 변류기 정격 및 과전류강도 검토,3. 수배전 설비,CT 정격 과전류강도,상
138,1,4,정지형 UPS 2차 회로의 단락 및 지락보호 방법,3. 수배전 설비,UPS 보호방식,중
138,1,5,한전 전기공급약관에 따른 공급방식 및 공급전압,8. 법규/설계,전기공급약관 공급전압,하
138,1,6,전압 승압(3.3kV→6.6kV) 시 송전거리가 4배 증가하는 이유,2. 전력 계통,전압 승압 효과,중
138,1,7,고조파 포함 여부에 따른 부하 역률 비교 설명,7. 에너지/진단,고조파 역률 관계,중
138,1,8,접지저항 산출 메커니즘 및 반구형 접지저항식 유도,6. KEC/접지/방재,접지저항 유도식,상
138,1,9,KEC 배선설비 화재 확산 방지 및 관통부 밀봉,6. KEC/접지/방재,KEC 배선 화재확산방지,중
138,1,10,이동형 아크 용접장치 설명,4. 부하 설비,아크 용접장치 시설기준,중
138,1,11,배터리 관리시스템(BMS)의 구성과 기능,5. 신재생/신기술,BMS 기능 구성,하
138,1,12,태양광 인버터의 주요 기능 및 회로 방식,5. 신재생/신기술,태양광 인버터 기능,하
138,1,13,KDS 32 3010(옥내조명설비)에 따른 좋은 조명의 조건,4. 부하 설비,좋은 조명의 조건,하
138,2,1,분산형전원 배전계통 연계 기술기준(동기화·분리·재병입),5. 신재생/신기술,분산형전원 계통연계,상
138,2,2,초고층빌딩 수직간선 선정 및 간선계획 시 고려사항,8. 법규/설계,초고층 수직간선,중
138,2,3,에너지 절약 설계기준(전기 및 신재생에너지 설비),8. 법규/설계,에너지절약설계기준,중
138,2,4,KDS 32 25 20(동력설비) 설계 고려사항 및 MCC 설계,4. 부하 설비,동력설비 설계순서,중
138,2,5,박물관·미술관 전시 조명 요건 및 전시품 노화 방지,4. 부하 설비,전시 조명 노화방지,상
138,2,6,퍼센트 임피던스법을 이용한 3상 단락 및 1선 지락전류 계산,2. 전력 계통,단락 및 지락전류 계산,상
138,3,1,변압기 2차 환산 등가회로·벡터도 및 전압변동률-%Z 관계,3. 수배전 설비,변압기 등가회로 벡터도,중
138,3,2,건축물 전기설비의 리모델링 설명,8. 법규/설계,전기설비 리모델링,중
138,3,3,회전자계 발생원리 및 회전자계형 동기 발전기 장점,1. 기초 이론,회전자계 발생원리,중
138,3,4,KEC 및 KS C IEC 60364 규정의 과전압 보호,6. KEC/접지/방재,KEC 과전압 보호,중
138,3,5,연료전지 촉매(백금) 사용 이유·피독작용·수소생산 문제점,5. 신재생/신기술,연료전지 수소생산,상
138,3,6,고층 건축물 방범·방재설비 분류 및 공간경계형 센서 특징,4. 부하 설비,방범 방재 센서 특징,상
138,4,1,주차 관제 설비의 설계 검토 사항 및 구성,5. 신재생/신기술,주차 관제 시스템,중
138,4,2,리튬이온(Li-ion) 전지의 구조·충방전 흐름도·특징,5. 신재생/신기술,리튬이온 배터리 특징,중
138,4,3,고조파가 발전기 및 커패시터에 미치는 영향과 대책,7. 에너지/진단,고조파 설비 영향,상
138,4,4,저압 SPD 동작기능별 분류 및 개별/1점 접지 방식 비교,6. KEC/접지/방재,SPD 접지 방식 비교,상
138,4,5,발전기실 소음·진동·배기·급기 환경대책,3. 수배전 설비,발전기실 환경대책,중
138,4,6,변압기 내부고장 검출용 비율차동계전기 동작원리 및 오동작 방지,3. 수배전 설비,비율차동계전기 원리,상
